{"sections":{"featured-blog":{"type":"featured-blog-posts","blocks":{"d5010d0b-0b25-4222-b337-1cc65375f775":{"type":"post","settings":{"article":"news\/my-top-shopbop-fall-finds-for-their-biggest-sale-of-the-year","subheading":"Featured post"}},"f88c8cbd-2f60-4198-8d5e-5c8d6d96e013":{"type":"post","settings":{"article":"news\/catherine-summers-best-fashion2-blog-for-over-40s","subheading":"Featured post"}},"9a00793d-a77c-4b88-8c07-4739f4123d74":{"type":"post","settings":{"article":"news\/ultimate-guide-to-women-s-wedding-brands-season-2022","subheading":"Featured post","image":"shopify:\/\/shop_images\/c1.jpg"}}},"block_order":["d5010d0b-0b25-4222-b337-1cc65375f775","f88c8cbd-2f60-4198-8d5e-5c8d6d96e013","9a00793d-a77c-4b88-8c07-4739f4123d74"],"settings":{"animation":"fade","height_adapt":"550","enable_btn_blog":true,"enable_btn_line":false,"enable_date":true,"enable_tag":true,"enable_comment":true,"enable_author":true,"enable_short":true,"bgsection":"#f7f7f7","clsection":"rgba(0,0,0,0)","paddingsection":"0px 0px 0px 0px","paddingmobile":"0px 0px 0px 0px","marginsection":"0px 0px 88px 0px","marginmobile":"0px 0px 60px 0px"}},"main":{"type":"blog-template-1","settings":{"animation":"fade-up","blog_layout":"list","grid_column":"3","item_style":"blog-6","image_size":"wide","enable_btn_blog":true,"enable_btn_line":false,"enable_date":true,"enable_tag":true,"enable_comment":true,"enable_short":true,"limit":6,"sidebar_enable":false,"sidebar_position":"left","paddingsection":"0px 0px 0px 0px","paddingmobile":"0px 0px 0px 0px","marginsection":"0px 0px 0px 0px","marginmobile":"0px 0px 0px 0px"}}},"order":["featured-blog","main"]}