{"sections":{"main":{"type":"cart-template","settings":{"cart_notes_enable":true}},"2979a36a-c6b2-4ef9-a5cc-d84aa4da690b":{"type":"product-list-swiper","settings":{"animation":"fade-up","setwidth":"container","bgsection":"#ffffff","title_top":"recomment","title":"You May Also Like","des":"","align-heading":"center","collection":"top-picks","limit":8,"perviewDesktop":4,"spaceBetween":30,"nowrap":true,"arrows":true,"scrollbar":false,"paddingsection":"40px 0px 40px 0px","paddingmobile":"40px 0px 40px 0px","marginsection":"0px 0px 0px 0px","marginmobile":"0px 0px 0px 0px"}},"advanced_content_WaeURY":{"type":"advanced-content","settings":{"animation":"","setwidth":"container","text_color":"rgba(0,0,0,0)","bgsection":"#ffffff","rangebg":0,"bgbefore":"transparent","e_size":"auto","e_repeat":"no-repeat","e_position":"center center","zindex":"0","title_top":"Sub Title Top","title":"Custom content","des":"<div style=\"display: flex; justify-content: space-between; gap: 20px; background-color: #FAE4CB; padding: 20px;\">\n  <div style=\"text-align: left;\">\n    <h3>Payment<\/h3>\n    <img src=\"https:\/\/cdn.shopify.com\/s\/files\/1\/0918\/6449\/8459\/files\/logoo-removebg-preview.webp?v=1734147841\" alt=\"Payment Methods\" style=\"max-width: 100%; height: auto; margin-bottom: 10px;\">\n  <\/div>\n\n  <!-- Column 1: Discover your advantages -->\n  <div style=\"text-align: left;\">\n    <h3>Discover your advantages<\/h3>\n    <a style=\"text-align:left\" href=\"https:\/\/aurora1234567.myshopify.com\/pages\/100-handmade\" class=\"btn\">100% handmade<\/a>\n    <a style=\"text-align:left\" href=\"https:\/\/aurora1234567.myshopify.com\/pages\/integrative\" class=\"btn\">Integrative<\/a>\n    <a style=\"text-align:left\" href=\"https:\/\/aurora1234567.myshopify.com\/pages\/in-house-production\" class=\"btn\">In-house production<\/a>\n    <a style=\"text-align:left\" href=\"https:\/\/aurora1234567.myshopify.com\/pages\/vegan\" class=\"btn\">Vegan<\/a>\n    <a style=\"text-align:left\" href=\"https:\/\/aurora1234567.myshopify.com\/pages\/washable\" class=\"btn\">Washable<\/a>\n    <a style=\"text-align:left\" href=\"#\" class=\"btn\">Woof-Effect<\/a>\n    <a style=\"text-align:left\" href=\"https:\/\/aurora1234567.myshopify.com\/pages\/credit-notes\" class=\"btn\">Credit notes<\/a>\n  <\/div>\n\n  <!-- Column 2: Help Center -->\n  <div style=\"text-align: left;\">\n    <h3>Help Center<\/h3>\n    <a style=\"text-align:left\" href=\"https:\/\/aurora1234567.myshopify.com\/pages\/faq\" class=\"btn\">FAQ<\/a>\n    <a style=\"text-align:left\" href=\"https:\/\/aurora1234567.myshopify.com\/pages\/measurement-instructions\" class=\"btn\">Measurement Instructions<\/a>\n    <a style=\"text-align:left\" href=\"https:\/\/aurora1234567.myshopify.com\/pages\/maintenance\" class=\"btn\">Maintenance<\/a>\n    <a style=\"text-align:left\" href=\"https:\/\/aurora1234567.myshopify.com\/pages\/returns\" class=\"btn\">Returns<\/a>\n    <a style=\"text-align:left\" href=\"https:\/\/aurora1234567.myshopify.com\/pages\/what-size-bed-does-my-dog-need\" class=\"btn\">What size bed does my dog need?<\/a>\n    <a style=\"text-align:left\" href=\"https:\/\/aurora1234567.myshopify.com\/pages\/all-information-about-the-wau-bed\" class=\"btn\">All information about the Wau-Bed<\/a>\n  <\/div>\n\n  <!-- Column 3: Information -->\n  <div style=\"text-align: left;\">\n    <h3>Information<\/h3>\n    <a style=\"text-align:left\" href=\"https:\/\/aurora1234567.myshopify.com\/pages\/become-a-dealer\" class=\"btn\">Become a dealer<\/a>\n    <a style=\"text-align:left\" href=\"https:\/\/aurora1234567.myshopify.com\/pages\/terms-conditions\" class=\"btn\">Terms & Conditions<\/a>\n    <a style=\"text-align:left\" href=\"https:\/\/aurora1234567.myshopify.com\/pages\/privacy\" class=\"btn\">Privacy<\/a>\n    <a style=\"text-align:left\" href=\"https:\/\/aurora1234567.myshopify.com\/pages\/imprint\" class=\"btn\">Imprint<\/a>\n    <a style=\"text-align:left\" href=\"https:\/\/aurora1234567.myshopify.com\/pages\/contact\" class=\"btn\">Contact<\/a>\n    <a style=\"text-align:left\" href=\"https:\/\/aurora1234567.myshopify.com\/pages\/jobs\" class=\"btn\">Jobs<\/a>\n    <a style=\"text-align:left\" href=\"https:\/\/aurora1234567.myshopify.com\/pages\/newsletter\" class=\"btn\">Newsletter<\/a>\n    <a style=\"text-align:left\" href=\"https:\/\/aurora1234567.myshopify.com\/pages\/revocation\" class=\"btn\">Revocation<\/a>\n    <a style=\"text-align:left\" href=\"https:\/\/aurora1234567.myshopify.com\/pages\/payment-shipping\" class=\"btn\">Payment and Shipping<\/a>\n  <\/div>\n\n  <!-- Column 4: Who we are -->\n  <div style=\"text-align: left;\">\n    <h3>Who we are<\/h3>\n    <a style=\"text-align:left\" href=\"https:\/\/aurora1234567.myshopify.com\/pages\/about-us\" class=\"btn\">About us<\/a>\n    <a style=\"text-align:left\" href=\"https:\/\/aurora1234567.myshopify.com\/pages\/contact\" class=\"btn\">Opening hours<\/a>\n  <\/div>\n<\/div>\n\n<style>\n  \/* Buttons styling *\/\n  .btn {\n    display: block; \/* Each button on a new line *\/\n    margin: 5px 0; \/* Spacing between buttons *\/\n    padding: 5px 0;\n    text-decoration: none;\n    color: black;\n    font-size: 16px;\n    transition: color 0.3s ease, text-decoration 0.3s ease;\n  }\n\n  .btn:hover {\n    color: #45a049;\n    text-decoration: underline;\n  }\n\n  \/* Header Styling *\/\n  h3 {\n    font-size: 18px;\n    font-weight: bold;\n    margin-bottom: 10px;\n  }\n<\/style>","align-heading":"center","padding":true,"col_center":false,"paddingsection":"0px 0px 0px 0px","paddingmobile":"40px 0px 40px 0px","marginsection":"0px 0px 0px 0px","marginmobile":"0px 0px 0px 0px"}}},"order":["main","2979a36a-c6b2-4ef9-a5cc-d84aa4da690b","advanced_content_WaeURY"]}