{"sections":{"collection-promo":{"type":"main-coupon_code","disabled":true,"settings":{"coupon_time":3}},"collection-banner":{"type":"main-collection-banner","settings":{"show_collection_description":true,"show_collection_image":true,"style_banner":"full","heading_size":"h2","img_height":"350px","bg_color":"#f3f3f3","image_text_color":"#ffffff","image_overlay_color":"#000000","image_overlay_opacity":40,"enable_collection":true,"enable_count":true,"link_list_head":""}},"ea7af2bd-7a4c-4129-ae32-bacb42814742":{"type":"featured-collections-3","blocks":{"template--17739035869502__ea7af2bd-7a4c-4129-ae32-bacb42814742-167584089359f62679-0":{"type":"collection","settings":{"collection":"shirts"}},"2f3b8aad-10de-480a-a5d8-f03f00650840":{"type":"collection","settings":{"collection":"tops"}},"template--17739035869502__ea7af2bd-7a4c-4129-ae32-bacb42814742-167584089359f62679-1":{"type":"collection","settings":{"collection":"jean"}},"template--17739035869502__ea7af2bd-7a4c-4129-ae32-bacb42814742-167584089359f62679-2":{"type":"collection","settings":{"collection":"jewelry"}},"1e3656fa-e08a-43ca-ab4a-ae2571025870":{"type":"collection","settings":{"collection":"handbags"}}},"block_order":["template--17739035869502__ea7af2bd-7a4c-4129-ae32-bacb42814742-167584089359f62679-0","2f3b8aad-10de-480a-a5d8-f03f00650840","template--17739035869502__ea7af2bd-7a4c-4129-ae32-bacb42814742-167584089359f62679-1","template--17739035869502__ea7af2bd-7a4c-4129-ae32-bacb42814742-167584089359f62679-2","1e3656fa-e08a-43ca-ab4a-ae2571025870"],"disabled":true,"settings":{"animation":"fade-up","setwidth":"container","bgsection":"#ffffff","title_top":"","title":"","des":"","align-heading":"center","stylecollection":"button","size_image_col":"square","color":"#ffffff","bg_overlay":"#222222","enable_gradient":false,"opacity_overlay":0.2,"size_title":"h5","button_link":"","button":"","perviewDesktop":5,"spaceBetween":30,"nowrap":false,"arrows":false,"scrollbar":false,"paddingsection":"40px 0px 0px 0px","paddingmobile":"40px 0px 0px 0px","marginsection":"0px 0px 0px 0px","marginmobile":"0px 0px 0px 0px"}},"product-grid":{"type":"main-collection-template","settings":{"collection_width":"container","products_per_page":12,"collection_perrow":"3","type_pagination":"pagi","enable_viewcolumn":true,"enable_filtering":true,"enable_sorting":true,"filter_type":"vertical","first_group":false,"open_group":true,"enable_color":true,"type_color":true,"style_color":"color_grid","style_size":"grid","enable_edit_item":false,"select_item":"product-7","enable_list_collection":false,"link_list_head":"","padding_top":48,"padding_bottom":48}},"featured_articles_2_FVDkfE":{"type":"featured-articles-2","settings":{"animation":"","setwidth":"container","zindex":"0","bgsection":"#ffffff","rangebg":0,"bgbefore":"#e3c9b8","title_top":"Sub Title Top","title":"Blog posts Special","des":"","align-heading":"center","blog":"news","image_size":"auto","reverse":false,"paddingsection":"0px 0px 0px 0px","paddingmobile":"40px 0px 40px 0px","marginsection":"0px 0px 0px 0px","marginmobile":"0px 0px 0px 0px"}},"advanced_content_rUAekB":{"type":"advanced-content","settings":{"animation":"","setwidth":"container","text_color":"rgba(0,0,0,0)","bgsection":"#ffffff","rangebg":0,"bgbefore":"transparent","e_size":"auto","e_repeat":"no-repeat","e_position":"center center","zindex":"0","title_top":"Sub Title Top","title":"Custom content","des":"<div style=\"display: flex; justify-content: space-between; gap: 20px; background-color: #FAE4CB; padding: 20px;\">\n  <div style=\"text-align: left;\">\n    <h3>Payment<\/h3>\n    <img src=\"https:\/\/cdn.shopify.com\/s\/files\/1\/0918\/6449\/8459\/files\/logoo-removebg-preview.webp?v=1734147841\" alt=\"Payment Methods\" style=\"max-width: 100%; height: auto; margin-bottom: 10px;\">\n  <\/div>\n\n  <!-- Column 1: Discover your advantages -->\n  <div style=\"text-align: left;\">\n    <h3>Discover your advantages<\/h3>\n    <a style=\"text-align:left\" href=\"https:\/\/aurora1234567.myshopify.com\/pages\/100-handmade\" class=\"btn\">100% handmade<\/a>\n    <a style=\"text-align:left\" href=\"https:\/\/aurora1234567.myshopify.com\/pages\/integrative\" class=\"btn\">Integrative<\/a>\n    <a style=\"text-align:left\" href=\"https:\/\/aurora1234567.myshopify.com\/pages\/in-house-production\" class=\"btn\">In-house production<\/a>\n    <a style=\"text-align:left\" href=\"https:\/\/aurora1234567.myshopify.com\/pages\/vegan\" class=\"btn\">Vegan<\/a>\n    <a style=\"text-align:left\" href=\"https:\/\/aurora1234567.myshopify.com\/pages\/washable\" class=\"btn\">Washable<\/a>\n    <a style=\"text-align:left\" href=\"#\" class=\"btn\">Woof-Effect<\/a>\n    <a style=\"text-align:left\" href=\"https:\/\/aurora1234567.myshopify.com\/pages\/credit-notes\" class=\"btn\">Credit notes<\/a>\n  <\/div>\n\n  <!-- Column 2: Help Center -->\n  <div style=\"text-align: left;\">\n    <h3>Help Center<\/h3>\n    <a style=\"text-align:left\" href=\"https:\/\/aurora1234567.myshopify.com\/pages\/faq\" class=\"btn\">FAQ<\/a>\n    <a style=\"text-align:left\" href=\"https:\/\/aurora1234567.myshopify.com\/pages\/measurement-instructions\" class=\"btn\">Measurement Instructions<\/a>\n    <a style=\"text-align:left\" href=\"https:\/\/aurora1234567.myshopify.com\/pages\/maintenance\" class=\"btn\">Maintenance<\/a>\n    <a style=\"text-align:left\" href=\"https:\/\/aurora1234567.myshopify.com\/pages\/returns\" class=\"btn\">Returns<\/a>\n    <a style=\"text-align:left\" href=\"https:\/\/aurora1234567.myshopify.com\/pages\/what-size-bed-does-my-dog-need\" class=\"btn\">What size bed does my dog need?<\/a>\n    <a style=\"text-align:left\" href=\"https:\/\/aurora1234567.myshopify.com\/pages\/all-information-about-the-wau-bed\" class=\"btn\">All information about the Wau-Bed<\/a>\n  <\/div>\n\n  <!-- Column 3: Information -->\n  <div style=\"text-align: left;\">\n    <h3>Information<\/h3>\n    <a style=\"text-align:left\" href=\"https:\/\/aurora1234567.myshopify.com\/pages\/become-a-dealer\" class=\"btn\">Become a dealer<\/a>\n    <a style=\"text-align:left\" href=\"https:\/\/aurora1234567.myshopify.com\/pages\/terms-conditions\" class=\"btn\">Terms & Conditions<\/a>\n    <a style=\"text-align:left\" href=\"https:\/\/aurora1234567.myshopify.com\/pages\/privacy\" class=\"btn\">Privacy<\/a>\n    <a style=\"text-align:left\" href=\"https:\/\/aurora1234567.myshopify.com\/pages\/imprint\" class=\"btn\">Imprint<\/a>\n    <a style=\"text-align:left\" href=\"https:\/\/aurora1234567.myshopify.com\/pages\/contact\" class=\"btn\">Contact<\/a>\n    <a style=\"text-align:left\" href=\"https:\/\/aurora1234567.myshopify.com\/pages\/jobs\" class=\"btn\">Jobs<\/a>\n    <a style=\"text-align:left\" href=\"https:\/\/aurora1234567.myshopify.com\/pages\/newsletter\" class=\"btn\">Newsletter<\/a>\n    <a style=\"text-align:left\" href=\"https:\/\/aurora1234567.myshopify.com\/pages\/revocation\" class=\"btn\">Revocation<\/a>\n    <a style=\"text-align:left\" href=\"https:\/\/aurora1234567.myshopify.com\/pages\/payment-shipping\" class=\"btn\">Payment and Shipping<\/a>\n  <\/div>\n\n  <!-- Column 4: Who we are -->\n  <div style=\"text-align: left;\">\n    <h3>Who we are<\/h3>\n    <a style=\"text-align:left\" href=\"https:\/\/aurora1234567.myshopify.com\/pages\/about-us\" class=\"btn\">About us<\/a>\n    <a style=\"text-align:left\" href=\"https:\/\/aurora1234567.myshopify.com\/pages\/contact\" class=\"btn\">Opening hours<\/a>\n  <\/div>\n<\/div>\n\n<style>\n  \/* Buttons styling *\/\n  .btn {\n    display: block; \/* Each button on a new line *\/\n    margin: 5px 0; \/* Spacing between buttons *\/\n    padding: 5px 0;\n    text-decoration: none;\n    color: black;\n    font-size: 16px;\n    transition: color 0.3s ease, text-decoration 0.3s ease;\n  }\n\n  .btn:hover {\n    color: #45a049;\n    text-decoration: underline;\n  }\n\n  \/* Header Styling *\/\n  h3 {\n    font-size: 18px;\n    font-weight: bold;\n    margin-bottom: 10px;\n  }\n<\/style>","align-heading":"center","padding":true,"col_center":false,"paddingsection":"0px 0px 0px 0px","paddingmobile":"40px 0px 40px 0px","marginsection":"0px 0px 0px 0px","marginmobile":"0px 0px 0px 0px"}}},"order":["collection-promo","collection-banner","ea7af2bd-7a4c-4129-ae32-bacb42814742","product-grid","featured_articles_2_FVDkfE","advanced_content_rUAekB"]}