{
  "sections": {
    "collection-promo": {
      "type": "main-coupon_code",
      "disabled": true,
      "settings": {
        "coupon_time": 3
      }
    },
    "collection-banner": {
      "type": "main-collection-banner",
      "settings": {
        "show_collection_description": true,
        "show_collection_image": true,
        "img_bannercollection": "shopify:\/\/shop_images\/s2.webp",
        "style_banner": "split",
        "heading_size": "h3",
        "img_height": "250px",
        "bg_color": "#f3f3f3",
        "image_text_color": "#000000",
        "image_overlay_color": "#000000",
        "image_overlay_opacity": 0,
        "enable_collection": true,
        "enable_count": true,
        "link_list_head": "collections"
      }
    },
    "ea7af2bd-7a4c-4129-ae32-bacb42814742": {
      "type": "featured-collections-3",
      "blocks": {
        "template--17739035869502__ea7af2bd-7a4c-4129-ae32-bacb42814742-167584089359f62679-0": {
          "type": "collection",
          "settings": {
            "collection": "shirts"
          }
        },
        "2f3b8aad-10de-480a-a5d8-f03f00650840": {
          "type": "collection",
          "settings": {
            "collection": "tops"
          }
        },
        "template--17739035869502__ea7af2bd-7a4c-4129-ae32-bacb42814742-167584089359f62679-1": {
          "type": "collection",
          "settings": {
            "collection": "jean"
          }
        },
        "template--17739035869502__ea7af2bd-7a4c-4129-ae32-bacb42814742-167584089359f62679-2": {
          "type": "collection",
          "settings": {
            "collection": "jewelry"
          }
        },
        "1e3656fa-e08a-43ca-ab4a-ae2571025870": {
          "type": "collection",
          "settings": {
            "collection": "handbags"
          }
        }
      },
      "block_order": [
        "template--17739035869502__ea7af2bd-7a4c-4129-ae32-bacb42814742-167584089359f62679-0",
        "2f3b8aad-10de-480a-a5d8-f03f00650840",
        "template--17739035869502__ea7af2bd-7a4c-4129-ae32-bacb42814742-167584089359f62679-1",
        "template--17739035869502__ea7af2bd-7a4c-4129-ae32-bacb42814742-167584089359f62679-2",
        "1e3656fa-e08a-43ca-ab4a-ae2571025870"
      ],
      "disabled": true,
      "settings": {
        "animation": "fade-up",
        "setwidth": "container",
        "bgsection": "#ffffff",
        "title_top": "",
        "title": "",
        "des": "",
        "align-heading": "center",
        "stylecollection": "button",
        "size_image_col": "square",
        "color": "#ffffff",
        "bg_overlay": "#222222",
        "enable_gradient": false,
        "opacity_overlay": 0.2,
        "size_title": "h5",
        "button_link": "",
        "button": "",
        "perviewDesktop": 5,
        "spaceBetween": 30,
        "nowrap": false,
        "arrows": false,
        "scrollbar": false,
        "paddingsection": "40px 0px 0px 0px",
        "paddingmobile": "40px 0px 0px 0px",
        "marginsection": "0px 0px 0px 0px",
        "marginmobile": "0px 0px 0px 0px"
      }
    },
    "product-grid": {
      "type": "main-collection-template",
      "settings": {
        "collection_width": "container",
        "products_per_page": 12,
        "collection_perrow": "3",
        "type_pagination": "pagi",
        "enable_viewcolumn": true,
        "enable_filtering": true,
        "enable_sorting": true,
        "filter_type": "vertical",
        "first_group": false,
        "open_group": true,
        "enable_color": true,
        "type_color": true,
        "style_color": "color_grid",
        "style_size": "grid",
        "enable_edit_item": false,
        "select_item": "product-7",
        "enable_list_collection": false,
        "link_list_head": "",
        "padding_top": 48,
        "padding_bottom": 48
      }
    }
  },
  "order": [
    "collection-promo",
    "collection-banner",
    "ea7af2bd-7a4c-4129-ae32-bacb42814742",
    "product-grid"
  ]
}