{"sections":{"7668b93c-0a5c-4904-a558-238b0cb39db0":{"type":"image-content","blocks":{"template--18049703772478__7668b93c-0a5c-4904-a558-238b0cb39db0-16774828189e609923-1":{"type":"text_block","settings":{"width":"100%","bgtext":"#f4efe9","title_color":"rgba(0,0,0,0)","subtitle":"STYLE 100% FUNKTIONALITÄT","title":"Stilvoll, funktional, perfekt – Walk Kit 2.0","size_text":"h2","text":"<p>Das Walk Kit 2.0 ist dein perfekter Begleiter für jede Gassirunde. Stilvoll und funktional, bietet es dir und deinem Hund Komfort, Sicherheit und Freude – für entspannte Spaziergänge bei jedem Wette<\/p>","answer_content":"","style_btn":"btn-theme","button":"SHOP walk kit 2.0","link":"shopify:\/\/products\/walk-kit-2-0","enable_padding":true,"align":"center"}},"template--18049703772478__7668b93c-0a5c-4904-a558-238b0cb39db0-16774828189e609923-0":{"type":"image_block","settings":{"image":"shopify:\/\/shop_images\/smiling-woman-hugging-her-dog.jpg"}}},"block_order":["template--18049703772478__7668b93c-0a5c-4904-a558-238b0cb39db0-16774828189e609923-1","template--18049703772478__7668b93c-0a5c-4904-a558-238b0cb39db0-16774828189e609923-0"],"custom_css":[],"settings":{"animation":"fade-up","setwidth":"container","bgsection":"#ffffff","rangebg":100,"bgbefore":"#ffffff","bg_pos":"left","enable_padding":false,"align_center":true,"paddingsection":"80px 0px 80px 0px","paddingmobile":"40px 0px 40px 0px","marginsection":"0px 0px 0px 0px","marginmobile":"0px 0px 0px 0px"}},"featured_collections_1_AwRQN4":{"type":"featured-collections-1","blocks":{"collection_4hkL7D":{"type":"collection","settings":{"collection":"play"}},"collection_NHMcKj":{"type":"collection","settings":{"collection":"walk"}},"collection_qQQF8k":{"type":"collection","settings":{"collection":"snacks"}}},"block_order":["collection_4hkL7D","collection_NHMcKj","collection_qQQF8k"],"settings":{"animation":"","setwidth":"container","bgsection":"#ffffff","title_top":"","title":"","des":"","align-heading":"center","size_image":"auto","radius":0,"space":15,"size_text":"h4","enable_carousel":true,"arrows":false,"draggable":true,"dots":true,"infinite":true,"paddingsection":"0px 0px 0px 0px","paddingmobile":"40px 0px 40px 0px","marginsection":"0px 0px 0px 0px","marginmobile":"0px 0px 0px 0px"}},"74fe352f-6863-4784-8564-2ac78bc05b82":{"type":"product-list-swiper","settings":{"animation":"fade-up","setwidth":"container","bgsection":"#ffffff","title_top":"Our Bestsellers","title":"Top PICKS","des":"","align-heading":"center","collection":"top-picks","limit":10,"perviewDesktop":4,"spaceBetween":30,"nowrap":true,"arrows":true,"scrollbar":true,"paddingsection":"0px 0px 80px 0px","paddingmobile":"40px 0px 40px 0px","marginsection":"0px 0px 0px 0px","marginmobile":"0px 0px 0px 0px"}},"9e2a0b0c-ab2a-48f8-a552-99bc69cfc615":{"type":"product-tab","blocks":{"template--18049703772478__9e2a0b0c-ab2a-48f8-a552-99bc69cfc615-16774820468aa6c7f4-0":{"type":"collection","settings":{"title":"TOP PICKS","collection":"top-picks"}},"template--18049703772478__9e2a0b0c-ab2a-48f8-a552-99bc69cfc615-16774820468aa6c7f4-1":{"type":"collection","settings":{"title":"The Most Popular kits","collection":"the-most-popular-kits"}},"collection_wWm4ay":{"type":"collection","disabled":true,"settings":{"title":"Title tab","collection":""}},"template--18049703772478__9e2a0b0c-ab2a-48f8-a552-99bc69cfc615-16774820468aa6c7f4-2":{"type":"collection","disabled":true,"settings":{"title":"BRIDESMAIDS","collection":"bridesmaids-dresses"}}},"block_order":["template--18049703772478__9e2a0b0c-ab2a-48f8-a552-99bc69cfc615-16774820468aa6c7f4-0","template--18049703772478__9e2a0b0c-ab2a-48f8-a552-99bc69cfc615-16774820468aa6c7f4-1","collection_wWm4ay","template--18049703772478__9e2a0b0c-ab2a-48f8-a552-99bc69cfc615-16774820468aa6c7f4-2"],"settings":{"animation":"fade-up","setwidth":"container","bgsection":"#ffffff","title_top":"","title":"Signatures Essentials","des":"","align-heading":"center","style_tab":"line","enable_carousel":true,"arrows":false,"draggable":true,"dots":true,"infinite":true,"rows":"1","spaceBetween":6,"limit":4,"show":4,"paddingsection":"80px 0px 40px 0px","paddingmobile":"40px 0px 40px 0px","marginsection":"0px 0px 0px 0px","marginmobile":"0px 0px 0px 0px"}},"image_content_mwGYkw":{"type":"image-content","blocks":{"text_block_wTi68K":{"type":"text_block","settings":{"width":"100%","bgtext":"#f2e9f4","title_color":"rgba(0,0,0,0)","subtitle":"","title":"ALL DAY PLAY","size_text":"h2","text":"<p>Spielzeuge, die speziell entwickelt wurden, um Hunde aktiv zu fördern – aus nachhaltigem und ressourcenschonendem Naturkautschuk\n\nSHOP PLAY<\/p>","answer_content":"","style_btn":"btn-outline","button":"SHOW PLAY","link":"shopify:\/\/collections\/play","enable_padding":true,"align":"center"}},"image_block_r84Wrg":{"type":"image_block","settings":{"image":"shopify:\/\/shop_images\/TennisRollplay2.webp"}}},"block_order":["text_block_wTi68K","image_block_r84Wrg"],"settings":{"animation":"fade-up","setwidth":"container","bgsection":"#ffffff","rangebg":100,"bgbefore":"#ffffff","bg_pos":"left","enable_padding":false,"align_center":true,"paddingsection":"80px 0px 80px 0px","paddingmobile":"40px 0px 40px 0px","marginsection":"0px 0px 0px 0px","marginmobile":"0px 0px 0px 0px"}},"product_list_swiper_FER9Pz":{"type":"product-list-swiper","settings":{"animation":"fade-up","setwidth":"container","bgsection":"#ffffff","title_top":"Nachhaltig & Robust","title":"PLAY","des":"","align-heading":"center","collection":"play","limit":10,"perviewDesktop":4,"spaceBetween":30,"nowrap":true,"arrows":true,"scrollbar":true,"paddingsection":"0px 0px 80px 0px","paddingmobile":"40px 0px 40px 0px","marginsection":"0px 0px 0px 0px","marginmobile":"0px 0px 0px 0px"}},"featured_articles_2_tJQaPk":{"type":"featured-articles-2","settings":{"animation":"","setwidth":"container","zindex":"0","bgsection":"#ffffff","rangebg":0,"bgbefore":"#e3c9b8","title_top":"Sub Title Top","title":"Blog posts Special","des":"","align-heading":"center","blog":"news","image_size":"wide","reverse":false,"paddingsection":"0px 0px 0px 0px","paddingmobile":"40px 0px 40px 0px","marginsection":"0px 0px 0px 0px","marginmobile":"0px 0px 0px 0px"}},"e8db5b89-b036-463f-bd14-dd719e59a4fb":{"type":"backgroundvideo","blocks":{"template--15055607463990__e8db5b89-b036-463f-bd14-dd719e59a4fb-sub_title-1":{"type":"sub_title","disabled":true,"settings":{"subtitle":"New & Elegance"}},"f6676fc3-5c2d-48c9-a190-82a644469e0d":{"type":"circlce","disabled":true,"settings":{"text_circle":"RED CARPET 2023 INSPIRATION","anim_circle":"running"}},"d59326d5-a981-4c6e-8768-912629966dcc":{"type":"spacer","settings":{"hero-spacer":32}},"template--15055607463990__e8db5b89-b036-463f-bd14-dd719e59a4fb-heading-1":{"type":"heading","settings":{"title":"Clarisse Design","size_text":"h1"}},"template--15055607463990__e8db5b89-b036-463f-bd14-dd719e59a4fb-paragraph-1":{"type":"paragraph","settings":{"subtext":"Our latest addition! Explore stunning prom, homecoming, and evening dresses from <br> this exquisite brand."}},"d7e4993a-f1f3-4950-9451-26af0081d85f":{"type":"button","settings":{"button":"discover now","link":"shopify:\/\/collections\/all","style_btn":"btn-theme btn-white"}}},"block_order":["template--15055607463990__e8db5b89-b036-463f-bd14-dd719e59a4fb-sub_title-1","f6676fc3-5c2d-48c9-a190-82a644469e0d","d59326d5-a981-4c6e-8768-912629966dcc","template--15055607463990__e8db5b89-b036-463f-bd14-dd719e59a4fb-heading-1","template--15055607463990__e8db5b89-b036-463f-bd14-dd719e59a4fb-paragraph-1","d7e4993a-f1f3-4950-9451-26af0081d85f"],"disabled":true,"settings":{"animation":"fade","setwidth":"full","height_section":"750px","height_section_mobile":"450px","align":"center","position_text":"mid-center","link_video":"https:\/\/cdn.shopify.com\/videos\/c\/o\/v\/d9ab946ace6b46cf9bca0a1f62e4ba55.mp4","bgsection":"#ffffff","bg_overlay":"#000000","gradient_bg":"","opacity_bg_overlay":0.1,"title_color":"#ffffff","bg_box":"#ffffff","opacity_bgbox":0,"marginsection":"0px 0px 0px 0px","marginmobile":"0px 0px 0px 0px"}},"bfc70ef2-4d5d-44da-8cd0-774a9b817f64":{"type":"parallax-banner","blocks":{"template--18049703772478__bfc70ef2-4d5d-44da-8cd0-774a9b817f64-16774805461c3b0f88-0":{"type":"sub_title","settings":{"subtitle":"ss '23 Collection"}},"template--18049703772478__bfc70ef2-4d5d-44da-8cd0-774a9b817f64-16774805461c3b0f88-1":{"type":"heading","settings":{"title":"Homecoming Dresses","size_text":"h1"}},"template--18049703772478__bfc70ef2-4d5d-44da-8cd0-774a9b817f64-16774805461c3b0f88-2":{"type":"paragraph","settings":{"subtext":"This lookbook explores the pieces you’ll find in <br>our collection right now"}},"491c80d4-de86-4084-affd-9cb66b7d281b":{"type":"button","settings":{"button":"shop now","link":"shopify:\/\/collections\/bridal-dresses","style_btn":"btn-outline btn-outline-white"}}},"block_order":["template--18049703772478__bfc70ef2-4d5d-44da-8cd0-774a9b817f64-16774805461c3b0f88-0","template--18049703772478__bfc70ef2-4d5d-44da-8cd0-774a9b817f64-16774805461c3b0f88-1","template--18049703772478__bfc70ef2-4d5d-44da-8cd0-774a9b817f64-16774805461c3b0f88-2","491c80d4-de86-4084-affd-9cb66b7d281b"],"disabled":true,"settings":{"animation":"fade","setwidth":"full","bgsection":"#ffffff","parrallax_enable":true,"height_section":"750","height_section_mobile":"450","align":"center","position_text":"mid-center","bg_box":"#ffffff","opacity_bgbox":0,"title_color":"#ffffff","bg_overlay":"#000000","gradient_bg":"","opacity_bg_overlay":0.4,"paddingsection":"0px 0px 0px 0px","marginsection":"0px 0px 0px 0px"}},"1acb18f9-947f-417a-af62-5ae719a92e75":{"type":"scrolling-text","blocks":{"template--18054171164990__1acb18f9-947f-417a-af62-5ae719a92e75-1677516015a2874a88-0":{"type":"item","settings":{"code":"Decadent Looks 20% Off"}},"6c941bd2-feff-467c-a408-ac910ee82766":{"type":"item","settings":{"code":"Free Shipping. Free Exchanges. Free Returns."}}},"block_order":["template--18054171164990__1acb18f9-947f-417a-af62-5ae719a92e75-1677516015a2874a88-0","6c941bd2-feff-467c-a408-ac910ee82766"],"disabled":true,"settings":{"animation":"fade-up","size_text":"h4","text_style":"solid","size_icon":24,"speed":10,"scroll_type":"from-right","background":"#f4e1d6","gradient_bg":"","text":"#4f1f00","paddingsection":"20px 0px 20px 0px","paddingmobile":"40px 0px 0px 0px","marginsection":"0px 0px 0px 0px","marginmobile":"0px 0px 0px 0px"}},"36bd0f53-2e60-4387-a0a2-2f7fee7ce646":{"type":"grid-banner-2","blocks":{"template--18049703772478__36bd0f53-2e60-4387-a0a2-2f7fee7ce646-1677481737180c98cd-0":{"type":"banner","settings":{"paddingblock":"0px 0px 0px 0px","bg_image":"","border_banner":"rgba(0,0,0,0)","bg_banner":"rgba(0,0,0,0)","opbg_banner":0.4,"width":"6","description":"<h3 class=\"mb-2\">100% Authenticity<\/h3>\n<p>Discover affordable red carpet inspiration styles<\/p>","button_text":"shop now","button_link":"shopify:\/\/collections\/bridal-dresses","style_btn":"btn-underline","reverse":"flex-column","text_align":"center"}},"template--18049703772478__36bd0f53-2e60-4387-a0a2-2f7fee7ce646-1677481737180c98cd-1":{"type":"banner","settings":{"paddingblock":"0px 0px 0px 0px","bg_image":"","border_banner":"rgba(0,0,0,0)","bg_banner":"rgba(0,0,0,0)","opbg_banner":0.4,"width":"6","description":"<h3 class=\"mb-2\">Portia & Scarlet<\/h3>\n<p>2023 Stunning unique prom dresses<\/p>","button_text":"Shop now","button_link":"shopify:\/\/collections\/signatures","style_btn":"btn-underline","reverse":"flex-column","text_align":"center"}}},"block_order":["template--18049703772478__36bd0f53-2e60-4387-a0a2-2f7fee7ce646-1677481737180c98cd-0","template--18049703772478__36bd0f53-2e60-4387-a0a2-2f7fee7ce646-1677481737180c98cd-1"],"disabled":true,"settings":{"animation":"fade-up","setwidth":"container","bgsection":"#ffffff","title_top":"","title":"Fresh silhouettes","des":"Here are some of the best Lola pieces for a new take on dressing. Styled correctly, <br>these dresses can be worn in all seasons.","align-heading":"center","no_gutter":false,"paddingsection":"80px 0px 80px 0px","paddingmobile":"40px 0px 40px 0px","marginsection":"0px 0px 0px 0px","marginmobile":"0px 0px 0px 0px"}},"657ee605-8f03-4dfa-9154-9041b243933b":{"type":"rich-text","blocks":{"df776372-e43e-4a7f-8472-7c1db5173688":{"type":"image","settings":{"img-in-hero":240,"image_link":""}},"175416ce-44b9-48cb-8c08-3a9c18a177bc":{"type":"spacer","settings":{"hero-spacer":32}},"de9568dd-fc6b-4ce1-a683-dccb82060301":{"type":"sub_title","settings":{"subtitle":"6 FALL TRENDS WE LOVE"}},"99137f85-5414-4740-9a5f-ce713d28fb0a":{"type":"heading","settings":{"title":"UP TO 35% OFF  FOR MOTHERS <br> OF THE  BRIDE","size_text":"h2"}},"abdb00d6-2be3-4c85-83f6-0e1dfdbc712b":{"type":"paragraph","disabled":true,"settings":{"subtext":"<p>Surprise discount, unlocked <\/p>\n<div class=\"small\">\nLimited time only. Selected styles marked down as shown.\n<\/div>"}},"1d3a14e1-2743-412e-b947-19b9876c27d3":{"type":"button","settings":{"button":"Read more","link":"shopify:\/\/collections\/signatures","style_btn":"btn-theme btn-white"}}},"block_order":["df776372-e43e-4a7f-8472-7c1db5173688","175416ce-44b9-48cb-8c08-3a9c18a177bc","de9568dd-fc6b-4ce1-a683-dccb82060301","99137f85-5414-4740-9a5f-ce713d28fb0a","abdb00d6-2be3-4c85-83f6-0e1dfdbc712b","1d3a14e1-2743-412e-b947-19b9876c27d3"],"disabled":true,"settings":{"animation":"fade-up","setwidth":"container","bgsection":"#f2efe7","gradient_bg":"","title_color":"rgba(0,0,0,0)","title_top":"","title":"","text":"","align-heading":"center","paddingsection":"80px 0px 80px 0px","paddingmobile":"40px 0px 40px 0px","marginsection":"0px 0px 0px 0px","marginmobile":"0px 0px 0px 0px"}},"70e28503-a6af-4ab0-8360-56535dd5e57f":{"type":"shop-the-look","blocks":{"template--18054171164990__70e28503-a6af-4ab0-8360-56535dd5e57f-1677520239f25898d1-0":{"type":"product_block","settings":{"product_item":"sienna-dress-limeleaf","left":74,"top":39,"dot_color":"#ffffff"}},"template--18054171164990__70e28503-a6af-4ab0-8360-56535dd5e57f-1677520239f25898d1-1":{"type":"product_block","settings":{"product_item":"sienna-dress-blush","left":53,"top":50,"dot_color":"#ffffff"}}},"block_order":["template--18054171164990__70e28503-a6af-4ab0-8360-56535dd5e57f-1677520239f25898d1-0","template--18054171164990__70e28503-a6af-4ab0-8360-56535dd5e57f-1677520239f25898d1-1"],"disabled":true,"settings":{"animation":"fade-up","setwidth":"container","bgsection":"#ffffff","enable_right":false,"title_top":"ss 2023","title":"Shop the look","des":"","arrows":false,"draggable":true,"dots":true,"infinite":true,"paddingsection":"110px 0px 0px 0px","paddingmobile":"40px 0px 40px 0px","marginsection":"0px 0px 0px 0px","marginmobile":"0px 0px 0px 0px"}},"e5f21d0c-5b55-42c1-852f-1c63b9238d75":{"type":"featured-collections-5","blocks":{"template--18049703772478__e5f21d0c-5b55-42c1-852f-1c63b9238d75-16774833760050901e-2":{"type":"item","settings":{"asset_position":"right top","color":"#ffffff","enable_gradient":false,"bg_overlay":"#222222","opacity_overlay":0.4,"position_text":"bot-left","text_alignments":"left","image_toptitle":"Global edit","image_title":"Bridal Dresses","size_text":"h2","subheading":"","button_label":"shop here","button_link":"shopify:\/\/collections\/bridal-dresses","stylebtns":"btn-theme btn-white"}},"template--18049703772478__e5f21d0c-5b55-42c1-852f-1c63b9238d75-16774833760050901e-0":{"type":"item","settings":{"asset_position":"right bottom","color":"#ffffff","enable_gradient":false,"bg_overlay":"#222222","opacity_overlay":0.1,"position_text":"top-left","text_alignments":"left","image_toptitle":"EXCLUSIVE","image_title":"Bridal Separates","size_text":"h3","subheading":"","button_label":"","button_link":"shopify:\/\/collections\/bridal-separates","stylebtns":"btn-underline btn-underline-white"}},"template--18049703772478__e5f21d0c-5b55-42c1-852f-1c63b9238d75-16774833760050901e-1":{"type":"item","settings":{"asset_position":"left top","color":"#ffffff","enable_gradient":false,"bg_overlay":"#222222","opacity_overlay":0.4,"position_text":"mid-center","text_alignments":"left","image_toptitle":"SCALLOP","image_title":"Mother of the Bride","size_text":"h3","subheading":"","button_label":"","button_link":"shopify:\/\/collections\/bridesmaids-dresses","stylebtns":"btn-underline btn-underline-white"}}},"block_order":["template--18049703772478__e5f21d0c-5b55-42c1-852f-1c63b9238d75-16774833760050901e-2","template--18049703772478__e5f21d0c-5b55-42c1-852f-1c63b9238d75-16774833760050901e-0","template--18049703772478__e5f21d0c-5b55-42c1-852f-1c63b9238d75-16774833760050901e-1"],"disabled":true,"settings":{"animation":"fade-up","setwidth":"container","bgsection":"#ffffff","title_top":"EXPLORE","title":"Our Collections","des":"","align-heading":"center","layout":"collage","col":"col-lg-6","enable_padding":true,"size_image_col":"auto","paddingsection":"80px 0px 80px 0px","paddingmobile":"40px 0px 40px 0px","marginsection":"0px 0px 0px 0px","marginmobile":"0px 0px 0px 0px"}},"52306f51-7f29-4002-bf5d-1f61555d188c":{"type":"grid-banner-2","blocks":{"template--18049703772478__52306f51-7f29-4002-bf5d-1f61555d188c-1677484273c4fc2de7-0":{"type":"banner","settings":{"paddingblock":"0px 0px 0px 0px","bg_image":"","border_banner":"rgba(0,0,0,0)","bg_banner":"rgba(0,0,0,0)","opbg_banner":0.4,"width":"4","description":"<h4 class=\"mb-2\">Plazada <\/h4><p>Forever a Milan Fashion Week favorite<\/p>","button_text":"View more","button_link":"","style_btn":"btn-underline","reverse":"flex-column","text_align":"left"}},"template--18049703772478__52306f51-7f29-4002-bf5d-1f61555d188c-1677484273c4fc2de7-1":{"type":"banner","settings":{"paddingblock":"0px 0px 0px 0px","bg_image":"","border_banner":"rgba(0,0,0,0)","bg_banner":"rgba(0,0,0,0)","opbg_banner":0.4,"width":"4","description":"<h4 class=\"mb-2\">Fashion Icon <\/h4><p>New arrivals from fashion’s biggest names<\/p>","button_text":"View more","button_link":"","style_btn":"btn-underline","reverse":"flex-column","text_align":"left"}},"9c663f54-2394-41be-84c2-e0b65b7fe43f":{"type":"banner","settings":{"paddingblock":"0px 0px 0px 0px","bg_image":"","border_banner":"rgba(0,0,0,0)","bg_banner":"rgba(0,0,0,0)","opbg_banner":0.4,"width":"4","description":"<h4 class=\"mb-2\">Gabana<\/h4><p>It’s time to live la Dolce Vita<\/p>","button_text":"View more","button_link":"","style_btn":"btn-underline","reverse":"flex-column","text_align":"left"}}},"block_order":["template--18049703772478__52306f51-7f29-4002-bf5d-1f61555d188c-1677484273c4fc2de7-0","template--18049703772478__52306f51-7f29-4002-bf5d-1f61555d188c-1677484273c4fc2de7-1","9c663f54-2394-41be-84c2-e0b65b7fe43f"],"disabled":true,"settings":{"animation":"fade-up","setwidth":"container","bgsection":"#ffffff","title_top":"LOVE STORY","title":"This week’s highlights","des":"","align-heading":"center","no_gutter":false,"paddingsection":"0px 0px 60px 0px","paddingmobile":"40px 0px 40px 0px","marginsection":"0px 0px 0px 0px","marginmobile":"0px 0px 0px 0px"}},"14f41957-6237-4fb8-856b-466ec72fc702":{"type":"line","settings":{"animation":"","paddingsection":"0px 0px 0px 0px","marginsection":"0px 0px 0px 0px","bgsection":"#ffffff","setwidth":"container","bgborder":"#dddddd","wborder":"1px"}},"479fac02-6391-406f-bd09-61ef156be3b6":{"type":"service","blocks":{"template--14964948434998__479fac02-6391-406f-bd09-61ef156be3b6-service-1":{"type":"service","settings":{"bgblock":"#ffffff","title":"Worldwide shippng","description":"Businesses with worldwide shipping capabilities","icon":"<svg aria-hidden=\"true\" focusable=\"false\" role=\"presentation\" viewbox=\"0 0 100 100\"><defs><\/defs><path class=\"\" d=\"M82.19 69.25a13.09 13.09 0 0 1-3.54-3 1.86 1.86 0 0 1 0-2.38c1.29-1.52 3.08-5-4.17-7.52a5.28 5.28 0 0 0-2.24 0 12.36 12.36 0 0 1-5.49 0 9.78 9.78 0 0 1-4.1-2.16c-.23-.2-.44-.41-.65-.63a10.08 10.08 0 0 1-2.17-10l.15-.46a8.09 8.09 0 0 0-3.92-9.55l-1.83-1c-3.54-1.58-5.69-3.88-6.39-6.83-1-4-.14-7.55 4.46-13.15M32 17.1a13 13 0 0 1 3.52 7.23 9.74 9.74 0 0 1-.52 4.76 11.74 11.74 0 0 1-2.16 3.61 10.49 10.49 0 0 0-1.72 2.73c-.62 1.51-1.12 3.44-.61 4.91a4 4 0 0 0 2.75 2.33c.25.08.52.16.8.23a5.11 5.11 0 0 1 4.24 4.65c.13 2-.82 4.29-2.68 6.44a17.84 17.84 0 0 1-6.76 4.78A15.87 15.87 0 0 1 23 59.93a14.39 14.39 0 0 1-3.14-.35c-3.45-.77-3.73-1.39-6.86-3.58M32.12 83c-.18-2.75-2.68-8.09.69-13.4a22.33 22.33 0 0 1 8.36-7.36c3.48-1.79 6.77-2.37 9-1.58a4.61 4.61 0 0 1 3.08 5.12v.83a4 4 0 0 0 1.21 3.3c1.49 1.26 4.42 1.3 6.66.91a2.55 2.55 0 0 0 .59-.18A12.09 12.09 0 0 1 67 69.43a9.74 9.74 0 0 1 4.51 1.2 12.61 12.61 0 0 1 5.41 5.51\"><\/path><circle class=\"\" cx=\"50\" cy=\"50\" r=\"37.5\"><\/circle><\/svg>","button":"See Details","link":"","style_btn":"btn-underline btn-underline-white"}},"template--14964948434998__479fac02-6391-406f-bd09-61ef156be3b6-service-2":{"type":"service","settings":{"bgblock":"#ffffff","title":"Lowest price","description":"Find a dress at a lower price?  <br> We will match it.","icon":"<svg aria-hidden=\"true\" focusable=\"false\" role=\"presentation\" viewbox=\"0 0 100 100\"><defs><\/defs><path class=\"\" d=\"M16.96 11.72h66.08v70.76l-6.62 5.8-6.61-5.8-6.61 5.8-6.61-5.8-6.61 5.8-6.6-5.8-6.61 5.8-6.61-5.8-6.6 5.8-6.6-5.8V11.72zM23.97 34.6h49.36M23.97 46.28h49.01M23.97 57.96h28.57M23.97 69.64h28.57\"><\/path><path class=\"\" d=\"M61.63 66.87c0 2.69 4.18 2.51 4.18 2.51s4.19.27 4.19-3.23c0-2.27-4.16-2.25-4.16-2.25-4.85 0-4.16-3.33-4.16-3.33 0-3.74 4.22-3.43 4.22-3.43 4.51 0 4.08 3.43 4.08 3.43M65.8 53.03v20.46M23.97 23.41h49.36\"><\/path><\/svg>","button":"See Details","link":"","style_btn":"btn-underline btn-underline-white"}},"template--14964948434998__479fac02-6391-406f-bd09-61ef156be3b6-service-3":{"type":"service","settings":{"bgblock":"#ffffff","title":"Free Shipping","description":"Free shipping may be offered with standard shipping times","icon":"<svg aria-hidden=\"true\" focusable=\"false\" role=\"presentation\" viewbox=\"0 0 100 100\"><defs><\/defs><path class=\"\" d=\"M50 89.87L15.33 69.86V30.08l34.78-19.95 34.56 19.95v39.78L50 89.87z\"><\/path><path class=\"\" d=\"M67.33 50.78V40.09L32.76 20.14M15.33 30.08L50 50.09\"><\/path><path class=\"\" d=\"M50 89.87V50.09l34.67-20.01\"><\/path><\/svg>","button":"See Details","link":"","style_btn":"btn-underline btn-underline-white"}},"63da76fb-6255-4173-834b-4eca273010a4":{"type":"service","settings":{"bgblock":"#ffffff","title":"Shopping safely","description":"Prioritize the use of secure payment methods such as credit cards, PayPal","icon":"<svg aria-hidden=\"true\" focusable=\"false\" role=\"presentation\" viewbox=\"0 0 64 64\"><defs><\/defs><path class=\"\" d=\"M19.45 23.6v-3.2c0-7 5.89-11.75 12.55-11.75 7.21 0 12.55 5.49 12.55 11.75v3.2M10 23.6h44v31.75H10zM32 37.47v7.47\"><\/path><circle class=\"\" cx=\"32\" cy=\"35.87\" r=\"1.6\"><\/circle><\/svg>","button":"See Details","link":"","style_btn":"btn-underline btn-underline-white"}},"service_hTXTF3":{"type":"service","settings":{"bgblock":"#ffffff","title":"Service heading","description":"Cras sit amet nibh libero, in gravida nulla. Nulla vel metus scelerisque ante sollicitudin. Cras purus odio, vestibulum in vulputate at, tempus viverra turpis.","icon":"","button":"See Details","link":"","style_btn":"btn-underline btn-underline-white"}}},"block_order":["template--14964948434998__479fac02-6391-406f-bd09-61ef156be3b6-service-1","template--14964948434998__479fac02-6391-406f-bd09-61ef156be3b6-service-2","template--14964948434998__479fac02-6391-406f-bd09-61ef156be3b6-service-3","63da76fb-6255-4173-834b-4eca273010a4","service_hTXTF3"],"disabled":true,"settings":{"animation":"fade-up","setwidth":"container","bgsection":"#ffffff","title_top":"","title":"","des":"","align-heading":"center","e_border":false,"paddingbox":"0px 0px 0px 0px","iconcolor":"#4f1f00","titlecolor":"#4f1f00","subcolor":"#4f1f00","size":52,"service_heading":"h5","layout":"style-3","enable_carousel":false,"arrows":false,"draggable":true,"dots":true,"infinite":true,"paddingsection":"40px 0px 40px 0px","paddingmobile":"40px 0px 40px 0px","marginsection":"0px 0px 0px 0px","marginmobile":"0px 0px 0px 0px"}},"advanced_content_GpirQh":{"type":"advanced-content","blocks":{"html_9FXJz9":{"type":"html","settings":{"code":"<div style=\"display: flex; justify-content: space-between; gap: 20px; background-color: #FAE4CB; padding: 20px;\">\n  <div style=\"text-align: left;\">\n    <h3>Payment<\/h3>\n    <img src=\"https:\/\/cdn.shopify.com\/s\/files\/1\/0918\/6449\/8459\/files\/logoo-removebg-preview.webp?v=1734147841\" alt=\"Payment Methods\" style=\"max-width: 100%; height: auto; margin-bottom: 10px;\">\n  <\/div>\n\n  <!-- Column 1: Discover your advantages -->\n  <div style=\"text-align: left;\">\n    <h3>Discover your advantages<\/h3>\n    <a style=\"text-align:left\" href=\"https:\/\/aurora1234567.myshopify.com\/pages\/100-handmade\" class=\"btn\">100% handmade<\/a>\n    <a style=\"text-align:left\" href=\"https:\/\/aurora1234567.myshopify.com\/pages\/integrative\" class=\"btn\">Integrative<\/a>\n    <a style=\"text-align:left\" href=\"https:\/\/aurora1234567.myshopify.com\/pages\/in-house-production\" class=\"btn\">In-house production<\/a>\n    <a style=\"text-align:left\" href=\"https:\/\/aurora1234567.myshopify.com\/pages\/vegan\" class=\"btn\">Vegan<\/a>\n    <a style=\"text-align:left\" href=\"https:\/\/aurora1234567.myshopify.com\/pages\/washable\" class=\"btn\">Washable<\/a>\n    <a style=\"text-align:left\" href=\"#\" class=\"btn\">Woof-Effect<\/a>\n    <a style=\"text-align:left\" href=\"https:\/\/aurora1234567.myshopify.com\/pages\/credit-notes\" class=\"btn\">Credit notes<\/a>\n  <\/div>\n\n  <!-- Column 2: Help Center -->\n  <div style=\"text-align: left;\">\n    <h3>Help Center<\/h3>\n    <a style=\"text-align:left\" href=\"https:\/\/aurora1234567.myshopify.com\/pages\/faq\" class=\"btn\">FAQ<\/a>\n    <a style=\"text-align:left\" href=\"https:\/\/aurora1234567.myshopify.com\/pages\/measurement-instructions\" class=\"btn\">Measurement Instructions<\/a>\n    <a style=\"text-align:left\" href=\"https:\/\/aurora1234567.myshopify.com\/pages\/maintenance\" class=\"btn\">Maintenance<\/a>\n    <a style=\"text-align:left\" href=\"https:\/\/aurora1234567.myshopify.com\/pages\/returns\" class=\"btn\">Returns<\/a>\n    <a style=\"text-align:left\" href=\"https:\/\/aurora1234567.myshopify.com\/pages\/what-size-bed-does-my-dog-need\" class=\"btn\">What size bed does my dog need?<\/a>\n    <a style=\"text-align:left\" href=\"https:\/\/aurora1234567.myshopify.com\/pages\/all-information-about-the-wau-bed\" class=\"btn\">All information about the Wau-Bed<\/a>\n  <\/div>\n\n  <!-- Column 3: Information -->\n  <div style=\"text-align: left;\">\n    <h3>Information<\/h3>\n    <a style=\"text-align:left\" href=\"https:\/\/aurora1234567.myshopify.com\/pages\/become-a-dealer\" class=\"btn\">Become a dealer<\/a>\n    <a style=\"text-align:left\" href=\"https:\/\/aurora1234567.myshopify.com\/pages\/terms-conditions\" class=\"btn\">Terms & Conditions<\/a>\n    <a style=\"text-align:left\" href=\"https:\/\/aurora1234567.myshopify.com\/pages\/privacy\" class=\"btn\">Privacy<\/a>\n    <a style=\"text-align:left\" href=\"https:\/\/aurora1234567.myshopify.com\/pages\/imprint\" class=\"btn\">Imprint<\/a>\n    <a style=\"text-align:left\" href=\"https:\/\/aurora1234567.myshopify.com\/pages\/contact\" class=\"btn\">Contact<\/a>\n    <a style=\"text-align:left\" href=\"https:\/\/aurora1234567.myshopify.com\/pages\/jobs\" class=\"btn\">Jobs<\/a>\n    <a style=\"text-align:left\" href=\"https:\/\/aurora1234567.myshopify.com\/pages\/newsletter\" class=\"btn\">Newsletter<\/a>\n    <a style=\"text-align:left\" href=\"https:\/\/aurora1234567.myshopify.com\/pages\/revocation\" class=\"btn\">Revocation<\/a>\n    <a style=\"text-align:left\" href=\"https:\/\/aurora1234567.myshopify.com\/pages\/payment-shipping\" class=\"btn\">Payment and Shipping<\/a>\n  <\/div>\n\n  <!-- Column 4: Who we are -->\n  <div style=\"text-align: left;\">\n    <h3>Who we are<\/h3>\n    <a style=\"text-align:left\" href=\"https:\/\/aurora1234567.myshopify.com\/pages\/about-us\" class=\"btn\">About us<\/a>\n    <a style=\"text-align:left\" href=\"https:\/\/aurora1234567.myshopify.com\/pages\/contact\" class=\"btn\">Opening hours<\/a>\n  <\/div>\n<\/div>\n\n<style>\n  \/* Buttons styling *\/\n  .btn {\n    display: block; \/* Each button on a new line *\/\n    margin: 5px 0; \/* Spacing between buttons *\/\n    padding: 5px 0;\n    text-decoration: none;\n    color: black;\n    font-size: 16px;\n    transition: color 0.3s ease, text-decoration 0.3s ease;\n  }\n\n  .btn:hover {\n    color: #45a049;\n    text-decoration: underline;\n  }\n\n  \/* Header Styling *\/\n  h3 {\n    font-size: 18px;\n    font-weight: bold;\n    margin-bottom: 10px;\n  }\n<\/style>","width":"100%","align":"auto"}}},"block_order":["html_9FXJz9"],"settings":{"animation":"","setwidth":"container","text_color":"rgba(0,0,0,0)","bgsection":"#ffffff","rangebg":0,"bgbefore":"rgba(0,0,0,0)","e_size":"auto","e_repeat":"no-repeat","e_position":"center center","zindex":"0","title_top":"","title":"","des":"","align-heading":"center","padding":true,"col_center":false,"paddingsection":"0px 0px 0px 0px","paddingmobile":"40px 0px 40px 0px","marginsection":"0px 0px 0px 0px","marginmobile":"0px 0px 0px 0px"}},"list_collection_button_KDKhB8":{"type":"list-collection-button","blocks":{"button_fmLNPa":{"type":"button","settings":{"button_text":"Privacy","button_link":"shopify:\/\/pages\/privacy"}},"button_pUkr4H":{"type":"button","settings":{"button_text":"Imprint","button_link":"shopify:\/\/pages\/imprint"}},"button_hMKgad":{"type":"button","settings":{"button_text":"Jobs","button_link":"shopify:\/\/pages\/jobs"}},"button_A4zMKf":{"type":"button","settings":{"button_text":"Revocation","button_link":"shopify:\/\/pages\/revocation"}},"button_LFMMep":{"type":"button","settings":{"button_text":"Payment & Shipping","button_link":"shopify:\/\/pages\/payment-shipping"}},"button_TkBUBg":{"type":"button","settings":{"button_text":"What size bed does my dog need?","button_link":"shopify:\/\/pages\/what-size-bed-does-my-dog-need"}},"button_RP6Fy3":{"type":"button","settings":{"button_text":"All Information about the Wau-Bed","button_link":"shopify:\/\/pages\/all-information-about-the-wau-bed"}},"button_FrkP9E":{"type":"button","settings":{"button_text":"Newsletter","button_link":"shopify:\/\/pages\/newsletter"}}},"block_order":["button_fmLNPa","button_pUkr4H","button_hMKgad","button_A4zMKf","button_LFMMep","button_TkBUBg","button_RP6Fy3","button_FrkP9E"],"disabled":true,"settings":{"animation":"","setwidth":"container","color":"#000000","bgsection":"#ffffff","title_top":"Sub Title Top","title":"Collection list","des":"","style_btn":"btn-theme btn-white","paddingsection":"0px 0px 0px 0px","paddingmobile":"40px 0px 40px 0px","marginsection":"0px 0px 0px 0px","marginmobile":"0px 0px 0px 0px"}},"advanced_content_pqf8AL":{"type":"advanced-content","blocks":{"html_JMaTDF":{"type":"html","disabled":true,"settings":{"code":"<h2>Heading<\/h2>This text can be used to share information about your brand with customers.","width":"100%","align":"auto"}}},"block_order":["html_JMaTDF"],"disabled":true,"settings":{"animation":"","setwidth":"container","text_color":"rgba(0,0,0,0)","bgsection":"#ffffff","rangebg":0,"bgbefore":"rgba(0,0,0,0)","e_size":"auto","e_repeat":"no-repeat","e_position":"center center","zindex":"0","title_top":"Sub Title Top","title":"Custom content","des":"<div style=\"display: flex; justify-content: space-between; gap: 20px; background-color: #FAE4CB; padding: 20px;\">\n  <div style=\"text-align: left;\">\n    <h3>Payment<\/h3>\n    <img src=\"https:\/\/cdn.shopify.com\/s\/files\/1\/0918\/6449\/8459\/files\/logoo-removebg-preview.webp?v=1734147841\" alt=\"Payment Methods\" style=\"max-width: 100%; height: auto; margin-bottom: 10px;\">\n  <\/div>\n\n  <!-- Column 1: Discover your advantages -->\n  <div style=\"text-align: left;\">\n    <h3>Discover your advantages<\/h3>\n    <a style=\"text-align:left\" href=\"https:\/\/aurora1234567.myshopify.com\/pages\/100-handmade\" class=\"btn\">100% handmade<\/a>\n    <a style=\"text-align:left\" href=\"https:\/\/aurora1234567.myshopify.com\/pages\/integrative\" class=\"btn\">Integrative<\/a>\n    <a style=\"text-align:left\" href=\"https:\/\/aurora1234567.myshopify.com\/pages\/in-house-production\" class=\"btn\">In-house production<\/a>\n    <a style=\"text-align:left\" href=\"https:\/\/aurora1234567.myshopify.com\/pages\/vegan\" class=\"btn\">Vegan<\/a>\n    <a style=\"text-align:left\" href=\"https:\/\/aurora1234567.myshopify.com\/pages\/washable\" class=\"btn\">Washable<\/a>\n    <a style=\"text-align:left\" href=\"#\" class=\"btn\">Woof-Effect<\/a>\n    <a style=\"text-align:left\" href=\"https:\/\/aurora1234567.myshopify.com\/pages\/credit-notes\" class=\"btn\">Credit notes<\/a>\n  <\/div>\n\n  <!-- Column 2: Help Center -->\n  <div style=\"text-align: left;\">\n    <h3>Help Center<\/h3>\n    <a style=\"text-align:left\" href=\"https:\/\/aurora1234567.myshopify.com\/pages\/faq\" class=\"btn\">FAQ<\/a>\n    <a style=\"text-align:left\" href=\"https:\/\/aurora1234567.myshopify.com\/pages\/measurement-instructions\" class=\"btn\">Measurement Instructions<\/a>\n    <a style=\"text-align:left\" href=\"https:\/\/aurora1234567.myshopify.com\/pages\/maintenance\" class=\"btn\">Maintenance<\/a>\n    <a style=\"text-align:left\" href=\"https:\/\/aurora1234567.myshopify.com\/pages\/returns\" class=\"btn\">Returns<\/a>\n    <a style=\"text-align:left\" href=\"https:\/\/aurora1234567.myshopify.com\/pages\/what-size-bed-does-my-dog-need\" class=\"btn\">What size bed does my dog need?<\/a>\n    <a style=\"text-align:left\" href=\"https:\/\/aurora1234567.myshopify.com\/pages\/all-information-about-the-wau-bed\" class=\"btn\">All information about the Wau-Bed<\/a>\n  <\/div>\n\n  <!-- Column 3: Information -->\n  <div style=\"text-align: left;\">\n    <h3>Information<\/h3>\n    <a style=\"text-align:left\" href=\"https:\/\/aurora1234567.myshopify.com\/pages\/become-a-dealer\" class=\"btn\">Become a dealer<\/a>\n    <a style=\"text-align:left\" href=\"https:\/\/aurora1234567.myshopify.com\/pages\/terms-conditions\" class=\"btn\">Terms & Conditions<\/a>\n    <a style=\"text-align:left\" href=\"https:\/\/aurora1234567.myshopify.com\/pages\/privacy\" class=\"btn\">Privacy<\/a>\n    <a style=\"text-align:left\" href=\"https:\/\/aurora1234567.myshopify.com\/pages\/imprint\" class=\"btn\">Imprint<\/a>\n    <a style=\"text-align:left\" href=\"https:\/\/aurora1234567.myshopify.com\/pages\/contact\" class=\"btn\">Contact<\/a>\n    <a style=\"text-align:left\" href=\"https:\/\/aurora1234567.myshopify.com\/pages\/jobs\" class=\"btn\">Jobs<\/a>\n    <a style=\"text-align:left\" href=\"https:\/\/aurora1234567.myshopify.com\/pages\/newsletter\" class=\"btn\">Newsletter<\/a>\n    <a style=\"text-align:left\" href=\"https:\/\/aurora1234567.myshopify.com\/pages\/revocation\" class=\"btn\">Revocation<\/a>\n    <a style=\"text-align:left\" href=\"https:\/\/aurora1234567.myshopify.com\/pages\/payment-shipping\" class=\"btn\">Payment and Shipping<\/a>\n  <\/div>\n\n  <!-- Column 4: Who we are -->\n  <div style=\"text-align: left;\">\n    <h3>Who we are<\/h3>\n    <a style=\"text-align:left\" href=\"https:\/\/aurora1234567.myshopify.com\/pages\/about-us\" class=\"btn\">About us<\/a>\n    <a style=\"text-align:left\" href=\"https:\/\/aurora1234567.myshopify.com\/pages\/contact\" class=\"btn\">Opening hours<\/a>\n  <\/div>\n<\/div>\n\n<style>\n  \/* Buttons styling *\/\n  .btn {\n    display: block; \/* Each button on a new line *\/\n    margin: 5px 0; \/* Spacing between buttons *\/\n    padding: 5px 0;\n    text-decoration: none;\n    color: black;\n    font-size: 16px;\n    transition: color 0.3s ease, text-decoration 0.3s ease;\n  }\n\n  .btn:hover {\n    color: #45a049;\n    text-decoration: underline;\n  }\n\n  \/* Header Styling *\/\n  h3 {\n    font-size: 18px;\n    font-weight: bold;\n    margin-bottom: 10px;\n  }\n<\/style>","align-heading":"center","padding":true,"col_center":false,"paddingsection":"0px 0px 0px 0px","paddingmobile":"40px 0px 40px 0px","marginsection":"0px 0px 0px 0px","marginmobile":"0px 0px 0px 0px"}}},"order":["7668b93c-0a5c-4904-a558-238b0cb39db0","featured_collections_1_AwRQN4","74fe352f-6863-4784-8564-2ac78bc05b82","9e2a0b0c-ab2a-48f8-a552-99bc69cfc615","image_content_mwGYkw","product_list_swiper_FER9Pz","featured_articles_2_tJQaPk","e8db5b89-b036-463f-bd14-dd719e59a4fb","bfc70ef2-4d5d-44da-8cd0-774a9b817f64","1acb18f9-947f-417a-af62-5ae719a92e75","36bd0f53-2e60-4387-a0a2-2f7fee7ce646","657ee605-8f03-4dfa-9154-9041b243933b","70e28503-a6af-4ab0-8360-56535dd5e57f","e5f21d0c-5b55-42c1-852f-1c63b9238d75","52306f51-7f29-4002-bf5d-1f61555d188c","14f41957-6237-4fb8-856b-466ec72fc702","479fac02-6391-406f-bd09-61ef156be3b6","advanced_content_GpirQh","list_collection_button_KDKhB8","advanced_content_pqf8AL"]}