{
  "sections": {
    "main": {
      "type": "main-page",
      "settings": {
      }
    },
    "3c09d384-7d63-49ea-94a6-857536fede31": {
      "type": "image-content",
      "blocks": {
        "template--16738828747070__3c09d384-7d63-49ea-94a6-857536fede31-1666778233fcb6dd12-0": {
          "type": "image_block",
          "settings": {
            "image": "shopify:\/\/shop_images\/g-4.jpg"
          }
        },
        "template--16738828747070__3c09d384-7d63-49ea-94a6-857536fede31-1666778233fcb6dd12-1": {
          "type": "text_block",
          "settings": {
            "width": "100%",
            "bgtext": "#f5f5f5",
            "title_color": "rgba(0,0,0,0)",
            "subtitle": "OUR VALUES",
            "title": "Leading startups from around the world.",
            "size_text": "h2",
            "text": "<p>★★★★★  \n<br>4.9 \/ 5 -From over 3000+ Reviews<\/p>",
            "answer_content": "",
            "style_btn": "btn-underline btn-underline-white",
            "button": "",
            "link": "",
            "enable_padding": true,
            "align": "left"
          }
        }
      },
      "block_order": [
        "template--16738828747070__3c09d384-7d63-49ea-94a6-857536fede31-1666778233fcb6dd12-0",
        "template--16738828747070__3c09d384-7d63-49ea-94a6-857536fede31-1666778233fcb6dd12-1"
      ],
      "settings": {
        "animation": "fade-up",
        "setwidth": "container",
        "bgsection": "#ffffff",
        "rangebg": 0,
        "bgbefore": "rgba(0,0,0,0)",
        "bg_pos": "left",
        "enable_padding": true,
        "align_center": true,
        "paddingsection": "0px 0px 0px 0px",
        "paddingmobile": "0px 0px 0px 0px",
        "marginsection": "0px 0px 0px 0px",
        "marginmobile": "0px 0px 0px 0px"
      }
    },
    "2468bd7a-8214-439a-8fe2-087f9727da12": {
      "type": "advanced-content",
      "blocks": {
        "template--16738828747070__2468bd7a-8214-439a-8fe2-087f9727da12-166677686563ddd729-0": {
          "type": "html",
          "settings": {
            "code": "<div class=\"border p-5 mb-4\">\n<span class=\"badge mr-1 px-2 badge-light\">Data<\/span>\n<span class=\"badge badge-light mr-1 px-2\">Full time<\/span>\n\n<h4 class=\"mt-2\">Bussiness Analyst<\/h4>\n<p class=\"txt-body-70 mb-4\">Lorem ipsum dolor sit amet, consectetur adipiscing elit.<\/p>\n<p>\n<a href=\"#\" class=\"btn btn-theme button\">Apply Now <i class=\"ml-1 small icon-arrow-right\"><\/i><\/a>\n<\/p>\n<\/div>",
            "width": "33%",
            "align": "auto"
          }
        },
        "5c0f6d06-c42e-451f-a70e-946f7b10ccd0": {
          "type": "html",
          "settings": {
            "code": "<div class=\"border p-5 mb-4\">\n<span class=\"badge badge-light mr-1 px-2\">Development<\/span>\n<span class=\"badge badge-light mr-1 px-2\">Remote<\/span>\n<h4 class=\"mt-2\">Web Developer<\/h4>\n<p class=\"txt-body-70 mb-4\">Lorem ipsum dolor sit amet, consectetur adipiscing elit.<\/p>\n<p>\n<a href=\"#\" class=\"btn btn-theme button\">Apply Now <i class=\"ml-1 small icon-arrow-right\"><\/i><\/a>\n<\/p>\n<\/div>",
            "width": "33%",
            "align": "auto"
          }
        },
        "7de2fd62-56f7-41a3-bd05-91176bdf9a8f": {
          "type": "html",
          "settings": {
            "code": "<div class=\"border p-5 mb-4\">\n<span class=\"badge badge-light mr-1 px-2\">UI \/ UX<\/span>\n<span class=\"badge badge-light mr-1 px-2\">Full time<\/span>\n<h4 class=\"mt-2\">Visual designer<\/h4>\n<p class=\"txt-body-70 mb-4\">Lorem ipsum dolor sit amet, consectetur adipiscing elit.<\/p>\n<p>\n<a href=\"#\" class=\"btn btn-theme button\">Apply Now <i class=\"ml-1 small icon-arrow-right\"><\/i><\/a>\n<\/p>\n<\/div>",
            "width": "33%",
            "align": "auto"
          }
        },
        "530e8311-5377-448b-8611-a539f687d003": {
          "type": "html",
          "settings": {
            "code": "<p>Don't see your role? <a href=\"#\"> Send us your resume. <\/a><\/p>",
            "width": "100%",
            "align": "auto"
          }
        }
      },
      "block_order": [
        "template--16738828747070__2468bd7a-8214-439a-8fe2-087f9727da12-166677686563ddd729-0",
        "5c0f6d06-c42e-451f-a70e-946f7b10ccd0",
        "7de2fd62-56f7-41a3-bd05-91176bdf9a8f",
        "530e8311-5377-448b-8611-a539f687d003"
      ],
      "settings": {
        "animation": "fade-up",
        "setwidth": "container",
        "text_color": "rgba(0,0,0,0)",
        "bgsection": "#ffffff",
        "rangebg": 0,
        "bgbefore": "rgba(0,0,0,0)",
        "e_size": "auto",
        "e_repeat": "no-repeat",
        "e_position": "center center",
        "zindex": "0",
        "title_top": "JOIN OUR TEAM",
        "title": "Put an impact on the world,  <br> Joining space.",
        "des": "",
        "align-heading": "center",
        "padding": true,
        "col_center": false,
        "paddingsection": "100px 0px 100px 0px",
        "paddingmobile": "40px 0px 40px 0px",
        "marginsection": "0px 0px 0px 0px",
        "marginmobile": "0px 0px 0px 0px"
      }
    }
  },
  "order": [
    "main",
    "3c09d384-7d63-49ea-94a6-857536fede31",
    "2468bd7a-8214-439a-8fe2-087f9727da12"
  ]
}
