{
  "sections": {
    "main": {
      "type": "page-brands",
      "blocks": {
        "1562225793110": {
          "type": "character",
          "settings": {
            "title": "a",
            "linklist": ""
          }
        },
        "1562225801379": {
          "type": "character",
          "settings": {
            "title": "b",
            "linklist": ""
          }
        },
        "1562225804072": {
          "type": "character",
          "settings": {
            "title": "c",
            "linklist": ""
          }
        },
        "1562225817854": {
          "type": "character",
          "settings": {
            "title": "d",
            "linklist": ""
          }
        },
        "1562663878669": {
          "type": "character",
          "settings": {
            "title": "e",
            "linklist": ""
          }
        },
        "1562664116930": {
          "type": "character",
          "settings": {
            "title": "g",
            "linklist": ""
          }
        },
        "1562664124153": {
          "type": "character",
          "settings": {
            "title": "j",
            "linklist": ""
          }
        },
        "1562665381910": {
          "type": "character",
          "settings": {
            "title": "l",
            "linklist": ""
          }
        },
        "1562665389578": {
          "type": "character",
          "settings": {
            "title": "m",
            "linklist": ""
          }
        },
        "1562665401917": {
          "type": "character",
          "settings": {
            "title": "s",
            "linklist": ""
          }
        },
        "1562665407951": {
          "type": "character",
          "settings": {
            "title": "t",
            "linklist": ""
          }
        },
        "1562665414164": {
          "type": "character",
          "settings": {
            "title": "v",
            "linklist": ""
          }
        },
        "1562665421157": {
          "type": "character",
          "settings": {
            "title": "w",
            "linklist": ""
          }
        },
        "1562665426534": {
          "type": "character",
          "settings": {
            "title": "z",
            "linklist": ""
          }
        }
      },
      "block_order": [
        "1562225793110",
        "1562225801379",
        "1562225804072",
        "1562225817854",
        "1562663878669",
        "1562664116930",
        "1562664124153",
        "1562665381910",
        "1562665389578",
        "1562665401917",
        "1562665407951",
        "1562665414164",
        "1562665421157",
        "1562665426534"
      ],
      "settings": {
        "animation": "",
        "setwidth": "container",
        "bgsection": "",
        "title_top": "",
        "title": "",
        "des": "",
        "paddingsection": "40px 0px 70px 0px",
        "paddingmobile": "40px 0px 40px 0px",
        "marginsection": "0px 0px 0px 0px",
        "marginmobile": "0px 0px 0px 0px"
      }
    }
  },
  "order": [
    "main"
  ]
}
