{"sections":{"main":{"type":"page-gallery","blocks":{"35c5a8bf-f88b-4650-8fa6-346cddf9233a":{"type":"photo","settings":{"image":"shopify:\/\/shop_images\/t1.jpg","title":"Photo title","link":"shopify:\/\/collections\/dresses"}}},"block_order":["35c5a8bf-f88b-4650-8fa6-346cddf9233a"],"settings":{"animation":"fade","setwidth":"container","bgsection":"#ffffff","title_top":"","title":"Gallery","des":"Lorem ipsum dolor sit amet, consectetur adipiscing elit.","paddingsection":"80px 0px 70px 0px","paddingmobile":"40px 0px 30px 0px","marginsection":"0px 0px 0px 0px","marginmobile":"0px 0px 0px 0px"}}},"order":["main"]}