{"sections":{"main":{"type":"main-page","settings":{}},"e7285e43-2bb7-46e5-a5e4-538568d8723e":{"type":"image-content","blocks":{"template--16736981025086__e7285e43-2bb7-46e5-a5e4-538568d8723e-1666759876b5fa9979-0":{"type":"image_block","settings":{"image":"shopify:\/\/shop_images\/smiling-man-woman-pug.jpg"}},"template--16736981025086__e7285e43-2bb7-46e5-a5e4-538568d8723e-1666759876b5fa9979-1":{"type":"text_block","settings":{"width":"75%","bgtext":"rgba(0,0,0,0)","title_color":"rgba(0,0,0,0)","subtitle":"Questions?","title":"We're here to help with sizing, stylingand anything else","size_text":"h2","text":"","answer_content":"<p>3 Year Warranty, Extended 90 Day Returns,<strong> <\/strong>Expedited Shipping<\/p>","style_btn":"btn-underline btn-underline-white","button":"","link":"","enable_padding":true,"align":"left"}}},"block_order":["template--16736981025086__e7285e43-2bb7-46e5-a5e4-538568d8723e-1666759876b5fa9979-0","template--16736981025086__e7285e43-2bb7-46e5-a5e4-538568d8723e-1666759876b5fa9979-1"],"settings":{"animation":"fade-up","setwidth":"full","bgsection":"#f7f7f7","rangebg":0,"bgbefore":"rgba(0,0,0,0)","bg_pos":"left","enable_padding":true,"align_center":true,"paddingsection":"0px 0px 0px 0px","paddingmobile":"0px 0px 60px 0px","marginsection":"0px 0px 0px 0px","marginmobile":"0px 0px 0px 0px"}},"c025329d-7132-4163-b678-b778c06ac8f9":{"type":"line","settings":{"animation":"fade","paddingsection":"0px 0px 0px 0px","marginsection":"0px 0px 0px 0px","bgsection":"#ffffff","setwidth":"full","bgborder":"#e7e7e7","wborder":"1px"}},"863c2be4-cbba-4ba1-ba39-64e0fe639fc6":{"type":"contact-form","disabled":true,"settings":{"animation":"fade-up","bgsection":"#ffffff","title_top":"Contact us","title":"Got Any Questions?","des":"Use the form below to get in touch with the sales team","align-heading":"center","answer_content":"<p>This site is protected by reCAPTCHA and the Google <a href=\"https:\/\/policies.google.com\/privacy\">Privacy Policy<\/a> and <a href=\"https:\/\/policies.google.com\/terms\">Terms of Service<\/a> apply.<\/p>","paddingsection":"80px 0px 80px 0px","paddingmobile":"40px 0px 40px 0px","marginsection":"0px 0px 0px 0px","marginmobile":"0px 0px 0px 0px"}},"e47bb256-2659-485f-9896-382aaec96e87":{"type":"map","settings":{"heading":"Our store","address":"<p>The Vantage by Shanta, Main Road, Dhaka 1219, Bangladesh<\/p><p>Mon - Fri, 10am - 9pm<br\/>Saturday, 11am - 9pm<br\/>Sunday, 11am - 5pm<\/p>","map_address":"The Vantage by Shanta, Main Road, Dhaka 1219","button_text":"Get directions","show_pin":true,"api_key":"","bg_overlay":"#222222","enable_gradient":false,"opacity_overlay":0.2,"map_code":"<div class=\"mapouter\"><div class=\"gmap_canvas\">\n<iframe width=\"600\" height=\"500\" id=\"gmap_canvas\" src=\"https:\/\/maps.google.com\/maps?q=CN%20Tower,%20301%20Front%20St%20W,%20Toronto,%20ON%20M5V%202T6,%20Canada&t=&z=13&ie=UTF8&iwloc=&output=embed\" frameborder=\"0\" scrolling=\"no\" marginheight=\"0\" marginwidth=\"0\" loading=\"lazy\" allowfullscreen><\/iframe><br><style>.mapouter{position:relative;text-align:right;height:500px;width:600px;}<\/style>\n<a href=\"https:\/\/www.embedgooglemap.net\">google maps code generator<\/a><style>.gmap_canvas {overflow:hidden;background:none!important;height:500px;width:600px;}<\/style>\n<\/div><\/div>","background_image_position":"center center"}},"fb754d90-39ba-47df-8255-8b3096ae9437":{"type":"service","blocks":{"template--16736981025086__fb754d90-39ba-47df-8255-8b3096ae9437-16667679904d65e643-0":{"type":"service","settings":{"bgblock":"rgba(0,0,0,0)","title":"Adress","description":"The Vantage by Shanta, Main Road, Dhaka 1219, Bangladesh","icon":"<i class=\"icon-placeholder\"><\/i>","button":"See Details","link":"","style_btn":"btn-underline btn-underline-white"}},"template--16736981025086__fb754d90-39ba-47df-8255-8b3096ae9437-16667679904d65e643-1":{"type":"service","settings":{"bgblock":"rgba(0,0,0,0)","title":"Call us","description":"(+877) 834-1434<br>\n(+877) 834-1255","icon":"<i class=\"icon-phone\"><\/i>","button":"See Details","link":"","style_btn":"btn-underline btn-underline-white"}},"template--16736981025086__fb754d90-39ba-47df-8255-8b3096ae9437-16667679904d65e643-2":{"type":"service","settings":{"bgblock":"rgba(0,0,0,0)","title":"Open","description":"Mon - Fri, 10am - 9pm<br>\nSaturday, 11am - 9pm<br>\nSunday, 11am - 5pm","icon":"<i class=\"icon-check-circle\"><\/i>","button":"See Details","link":"","style_btn":"btn-underline btn-underline-white"}},"d58418bf-4652-4e45-8cbb-19e0434944cf":{"type":"service","settings":{"bgblock":"#ffffff","title":"Emails","description":"fashionstyle@example.com<br>\ninfo@example.com","icon":"<i class=\"icon-mail\"><\/i>","button":"See Details","link":"","style_btn":"btn-underline btn-underline-white"}}},"block_order":["template--16736981025086__fb754d90-39ba-47df-8255-8b3096ae9437-16667679904d65e643-0","template--16736981025086__fb754d90-39ba-47df-8255-8b3096ae9437-16667679904d65e643-1","template--16736981025086__fb754d90-39ba-47df-8255-8b3096ae9437-16667679904d65e643-2","d58418bf-4652-4e45-8cbb-19e0434944cf"],"settings":{"animation":"fade-up","setwidth":"container","bgsection":"#ffffff","title_top":"","title":"","des":"","align-heading":"center","e_border":false,"paddingbox":"0px 0px 0px 0px","iconcolor":"#000000","titlecolor":"#000000","subcolor":"#666666","size":24,"service_heading":"h5","layout":"style-1","enable_carousel":false,"arrows":false,"draggable":true,"dots":true,"infinite":true,"paddingsection":"64px 0px 64px 0px","paddingmobile":"32px 0px 8px 0px","marginsection":"0px 0px 0px 0px","marginmobile":"0px 0px 0px 0px"}},"a1490854-4f8f-471c-864a-2fb0e79e264b":{"type":"faq-accordion","blocks":{"template--16736981025086__a1490854-4f8f-471c-864a-2fb0e79e264b-1666770139cd483e01-0":{"type":"faq","settings":{"faq_title":"How long will shipping take?","faq_des":"<p>All orders are shipped within 12-36 hours from our warehouse in Bellingham WA.  Delivery times will depend on your shipping option but all orders are tracked from our facility to your door.  <\/p>"}},"template--16736981025086__a1490854-4f8f-471c-864a-2fb0e79e264b-1666770139cd483e01-1":{"type":"faq","settings":{"faq_title":"How do I know if my order is confirmed?","faq_des":"<p>This is an example of a response that you might give. It's good to be as thorough as possible in responses as that has a tendency to improve trust overall.<\/p>"}},"template--16736981025086__a1490854-4f8f-471c-864a-2fb0e79e264b-1666770139cd483e01-2":{"type":"faq","settings":{"faq_title":"Can I change my shipping address after my order is placed?","faq_des":"<p>This is an example of a response that you might give. It's good to be as thorough as possible in responses as that has a tendency to improve trust overall.<\/p>"}}},"block_order":["template--16736981025086__a1490854-4f8f-471c-864a-2fb0e79e264b-1666770139cd483e01-0","template--16736981025086__a1490854-4f8f-471c-864a-2fb0e79e264b-1666770139cd483e01-1","template--16736981025086__a1490854-4f8f-471c-864a-2fb0e79e264b-1666770139cd483e01-2"],"disabled":true,"settings":{"animation":"fade-up","setwidth":"container","bgsection":"#ffffff","e_size":"auto","e_repeat":"no-repeat","e_pos":"center center","title_top":"","title":"FAQs","des":"Below are some of are common questions","align-heading":"center","title_size":"h4","e_first_open":false,"e_reverse":true,"e_small":true,"left_html":"","e_right":false,"paddingsection":"80px 0px 80px 0px","paddingmobile":"60px 0px 60px 0px","marginsection":"0px 0px 0px 0px","marginmobile":"0px 0px 0px 0px"}},"advanced_content_gKKhEL":{"type":"advanced-content","blocks":{"html_xTj7nK":{"type":"html","settings":{"code":"<div style=\"display: flex; justify-content: space-between; gap: 20px; background-color: #FAE4CB; padding: 20px;\">\n  <div style=\"text-align: left;\">\n    <h3>Payment<\/h3>\n    <img src=\"https:\/\/cdn.shopify.com\/s\/files\/1\/0918\/6449\/8459\/files\/logoo-removebg-preview.webp?v=1734147841\" alt=\"Payment Methods\" style=\"max-width: 100%; height: auto; margin-bottom: 10px;\">\n  <\/div>\n\n  <!-- Column 1: Discover your advantages -->\n  <div style=\"text-align: left;\">\n    <h3>Discover your advantages<\/h3>\n    <a style=\"text-align:left\" href=\"https:\/\/aurora1234567.myshopify.com\/pages\/100-handmade\" class=\"btn\">100% handmade<\/a>\n    <a style=\"text-align:left\" href=\"https:\/\/aurora1234567.myshopify.com\/pages\/integrative\" class=\"btn\">Integrative<\/a>\n    <a style=\"text-align:left\" href=\"https:\/\/aurora1234567.myshopify.com\/pages\/in-house-production\" class=\"btn\">In-house production<\/a>\n    <a style=\"text-align:left\" href=\"https:\/\/aurora1234567.myshopify.com\/pages\/vegan\" class=\"btn\">Vegan<\/a>\n    <a style=\"text-align:left\" href=\"https:\/\/aurora1234567.myshopify.com\/pages\/washable\" class=\"btn\">Washable<\/a>\n    <a style=\"text-align:left\" href=\"#\" class=\"btn\">Woof-Effect<\/a>\n    <a style=\"text-align:left\" href=\"https:\/\/aurora1234567.myshopify.com\/pages\/credit-notes\" class=\"btn\">Credit notes<\/a>\n  <\/div>\n\n  <!-- Column 2: Help Center -->\n  <div style=\"text-align: left;\">\n    <h3>Help Center<\/h3>\n    <a style=\"text-align:left\" href=\"https:\/\/aurora1234567.myshopify.com\/pages\/faq\" class=\"btn\">FAQ<\/a>\n    <a style=\"text-align:left\" href=\"https:\/\/aurora1234567.myshopify.com\/pages\/measurement-instructions\" class=\"btn\">Measurement Instructions<\/a>\n    <a style=\"text-align:left\" href=\"https:\/\/aurora1234567.myshopify.com\/pages\/maintenance\" class=\"btn\">Maintenance<\/a>\n    <a style=\"text-align:left\" href=\"https:\/\/aurora1234567.myshopify.com\/pages\/returns\" class=\"btn\">Returns<\/a>\n    <a style=\"text-align:left\" href=\"https:\/\/aurora1234567.myshopify.com\/pages\/what-size-bed-does-my-dog-need\" class=\"btn\">What size bed does my dog need?<\/a>\n    <a style=\"text-align:left\" href=\"https:\/\/aurora1234567.myshopify.com\/pages\/all-information-about-the-wau-bed\" class=\"btn\">All information about the Wau-Bed<\/a>\n  <\/div>\n\n  <!-- Column 3: Information -->\n  <div style=\"text-align: left;\">\n    <h3>Information<\/h3>\n    <a style=\"text-align:left\" href=\"https:\/\/aurora1234567.myshopify.com\/pages\/become-a-dealer\" class=\"btn\">Become a dealer<\/a>\n    <a style=\"text-align:left\" href=\"https:\/\/aurora1234567.myshopify.com\/pages\/terms-conditions\" class=\"btn\">Terms & Conditions<\/a>\n    <a style=\"text-align:left\" href=\"https:\/\/aurora1234567.myshopify.com\/pages\/privacy\" class=\"btn\">Privacy<\/a>\n    <a style=\"text-align:left\" href=\"https:\/\/aurora1234567.myshopify.com\/pages\/imprint\" class=\"btn\">Imprint<\/a>\n    <a style=\"text-align:left\" href=\"https:\/\/aurora1234567.myshopify.com\/pages\/contact\" class=\"btn\">Contact<\/a>\n    <a style=\"text-align:left\" href=\"https:\/\/aurora1234567.myshopify.com\/pages\/jobs\" class=\"btn\">Jobs<\/a>\n    <a style=\"text-align:left\" href=\"https:\/\/aurora1234567.myshopify.com\/pages\/newsletter\" class=\"btn\">Newsletter<\/a>\n    <a style=\"text-align:left\" href=\"https:\/\/aurora1234567.myshopify.com\/pages\/revocation\" class=\"btn\">Revocation<\/a>\n    <a style=\"text-align:left\" href=\"https:\/\/aurora1234567.myshopify.com\/pages\/payment-shipping\" class=\"btn\">Payment and Shipping<\/a>\n  <\/div>\n\n  <!-- Column 4: Who we are -->\n  <div style=\"text-align: left;\">\n    <h3>Who we are<\/h3>\n    <a style=\"text-align:left\" href=\"https:\/\/aurora1234567.myshopify.com\/pages\/about-us\" class=\"btn\">About us<\/a>\n    <a style=\"text-align:left\" href=\"https:\/\/aurora1234567.myshopify.com\/pages\/contact\" class=\"btn\">Opening hours<\/a>\n  <\/div>\n<\/div>\n\n<style>\n  \/* Buttons styling *\/\n  .btn {\n    display: block; \/* Each button on a new line *\/\n    margin: 5px 0; \/* Spacing between buttons *\/\n    padding: 5px 0;\n    text-decoration: none;\n    color: black;\n    font-size: 16px;\n    transition: color 0.3s ease, text-decoration 0.3s ease;\n  }\n\n  .btn:hover {\n    color: #45a049;\n    text-decoration: underline;\n  }\n\n  \/* Header Styling *\/\n  h3 {\n    font-size: 18px;\n    font-weight: bold;\n    margin-bottom: 10px;\n  }\n<\/style>","width":"100%","align":"auto"}}},"block_order":["html_xTj7nK"],"settings":{"animation":"","setwidth":"container","text_color":"rgba(0,0,0,0)","bgsection":"#ffffff","rangebg":0,"bgbefore":"rgba(0,0,0,0)","e_size":"auto","e_repeat":"no-repeat","e_position":"center center","zindex":"0","title_top":"Sub Title Top","title":"Custom content","des":"","align-heading":"center","padding":true,"col_center":false,"paddingsection":"0px 0px 0px 0px","paddingmobile":"40px 0px 40px 0px","marginsection":"0px 0px 0px 0px","marginmobile":"0px 0px 0px 0px"}}},"order":["main","e7285e43-2bb7-46e5-a5e4-538568d8723e","c025329d-7132-4163-b678-b778c06ac8f9","863c2be4-cbba-4ba1-ba39-64e0fe639fc6","e47bb256-2659-485f-9896-382aaec96e87","fb754d90-39ba-47df-8255-8b3096ae9437","a1490854-4f8f-471c-864a-2fb0e79e264b","advanced_content_gKKhEL"]}