{"sections":{"main":{"type":"main-page","settings":{}},"9ad78513-f48a-4eed-affd-30f6d370be1c":{"type":"faq-accordion","blocks":{"template--16736981942590__9ad78513-f48a-4eed-affd-30f6d370be1c-1666772143a4c26d1e-0":{"type":"faq","settings":{"faq_title":"How do I make a purchase?","faq_des":"<p>This is an example of a response that you might give. It's good to be as thorough as possible in responses as that has a tendency to improve trust overall.<\/p>"}},"template--16736981942590__9ad78513-f48a-4eed-affd-30f6d370be1c-1666772143a4c26d1e-1":{"type":"faq","settings":{"faq_title":"How do I know if my order is confirmed?","faq_des":"<p>This is an example of a response that you might give. It's good to be as thorough as possible in responses as that has a tendency to improve trust overall.<\/p>"}},"template--16736981942590__9ad78513-f48a-4eed-affd-30f6d370be1c-1666772143a4c26d1e-2":{"type":"faq","settings":{"faq_title":"Can I change my shipping address after my order is placed?","faq_des":"<p>This is an example of a response that you might give. It's good to be as thorough as possible in responses as that has a tendency to improve trust overall.<\/p>"}}},"block_order":["template--16736981942590__9ad78513-f48a-4eed-affd-30f6d370be1c-1666772143a4c26d1e-0","template--16736981942590__9ad78513-f48a-4eed-affd-30f6d370be1c-1666772143a4c26d1e-1","template--16736981942590__9ad78513-f48a-4eed-affd-30f6d370be1c-1666772143a4c26d1e-2"],"settings":{"animation":"","setwidth":"container","bgsection":"#ffffff","e_size":"auto","e_repeat":"no-repeat","e_pos":"center center","title_top":"","title":"Orders","des":"Below are some of are common questions about orders","title_size":"h5","e_first_open":false,"e_reverse":true,"e_small":true,"left_html":"","e_right":false,"paddingsection":"48px 0px 60px 0px","paddingmobile":"40px 0px 40px 0px","marginsection":"0px 0px 0px 0px","marginmobile":"0px 0px 0px 0px"}},"062df5dc-f552-45ec-89c4-08fb863777b7":{"type":"faq-accordion","blocks":{"template--16736981942590__062df5dc-f552-45ec-89c4-08fb863777b7-1666772143a4c26d1e-0":{"type":"faq","settings":{"faq_title":"Do you ship internationally?","faq_des":"<p>This is an example of a response that you might give. It's good to be as thorough as possible in responses as that has a tendency to improve trust overall.<\/p>"}},"template--16736981942590__062df5dc-f552-45ec-89c4-08fb863777b7-1666772143a4c26d1e-1":{"type":"faq","settings":{"faq_title":"When will my order be shipped?","faq_des":"<p>This is an example of a response that you might give. It's good to be as thorough as possible in responses as that has a tendency to improve trust overall.<\/p>"}},"template--16736981942590__062df5dc-f552-45ec-89c4-08fb863777b7-1666772143a4c26d1e-2":{"type":"faq","settings":{"faq_title":"What is your return policy?","faq_des":"<p>This is an example of a response that you might give. It's good to be as thorough as possible in responses as that has a tendency to improve trust overall.<\/p>"}},"c3fd023b-88d4-4be1-b635-a8d461da7f4c":{"type":"faq","settings":{"faq_title":"How long will it take until I receive my order?","faq_des":"<p>This is an example of a response that you might give. It's good to be as thorough as possible in responses as that has a tendency to improve trust overall.<\/p>"}}},"block_order":["template--16736981942590__062df5dc-f552-45ec-89c4-08fb863777b7-1666772143a4c26d1e-0","template--16736981942590__062df5dc-f552-45ec-89c4-08fb863777b7-1666772143a4c26d1e-1","template--16736981942590__062df5dc-f552-45ec-89c4-08fb863777b7-1666772143a4c26d1e-2","c3fd023b-88d4-4be1-b635-a8d461da7f4c"],"settings":{"animation":"","setwidth":"container","bgsection":"#ffffff","e_size":"auto","e_repeat":"no-repeat","e_pos":"center center","title_top":"","title":"Shipping & Returns","des":"Below are some common questions about shipping, returns, and exchanges","title_size":"h5","e_first_open":false,"e_reverse":true,"e_small":true,"left_html":"","e_right":false,"paddingsection":"0px 0px 80px 0px","paddingmobile":"40px 0px 40px 0px","marginsection":"0px 0px 0px 0px","marginmobile":"0px 0px 0px 0px"}},"ab3330a7-4065-4a18-8aaf-98b208189122":{"type":"advanced-content","blocks":{"template--16736981942590__ab3330a7-4065-4a18-8aaf-98b208189122-1666772898b0d88a48-0":{"type":"html","settings":{"code":"<div class=\"text-center\">\n<h3>Didn't find your answer?<\/h3>\n<p>Don't hestitate to contact us<\/p>\n<a href=\"\/pages\/contact-us\" class=\"btn btn-theme mt-3\"> Contact us<\/a>\n<\/div>","width":"100%","align":"auto"}}},"block_order":["template--16736981942590__ab3330a7-4065-4a18-8aaf-98b208189122-1666772898b0d88a48-0"],"settings":{"animation":"","setwidth":"container","bgsection":"#ffffff","rangebg":0,"bgbefore":"rgba(0,0,0,0)","e_size":"auto","e_repeat":"no-repeat","zindex":"0","title_top":"","title":"","des":"","padding":true,"col_center":false,"paddingsection":"0px 0px 80px 0px","paddingmobile":"0px 0px 60px 0px","marginsection":"0px 0px 0px 0px","marginmobile":"0px 0px 0px 0px"}}},"order":["main","9ad78513-f48a-4eed-affd-30f6d370be1c","062df5dc-f552-45ec-89c4-08fb863777b7","ab3330a7-4065-4a18-8aaf-98b208189122"]}