{"sections":{"main":{"type":"product-template-1","blocks":{"989bce2f-7961-4267-8e6c-40ff4bb0ed64":{"type":"title","settings":{"e_label":true}},"c5c11045-e3b5-47e4-80d1-25e86ec844cc":{"type":"price","settings":{}},"2cf20ef7-ba29-4dd5-8c98-df0b96ba3c5b":{"type":"text","settings":{"text":"🔥  30 sold in last 18 hours","text_style":"body"}},"9cd2d8a0-a8b4-46d7-b3a7-b1609af99285":{"type":"fakeviewer","settings":{"fake_view_min":12,"fake_view_max":30,"fake_view_duration":3,"fake_view_text_prefix":"👀","fake_view_text_suffix":"customers are viewing this product"}},"1affb493-1e14-4893-9876-be8d348ee475":{"type":"shortdesc","settings":{}},"ff32ea77-bcea-43d3-8e38-55894c9d938a":{"type":"separator","settings":{}},"8288910a-1ad6-47df-b127-118bc1d2ce24":{"type":"buttons","settings":{"enable_local_pickup":true,"enable_hurrify":true,"enable_payment_button":true,"waitlist":true,"product_selector":"radio","sw_color_product":true,"color_circle":true,"size_color":"small-38"}},"7120c076-9673-4f15-a579-5efa29fefb6f":{"type":"separator","settings":{}},"11f6643a-6bb6-4db9-a512-9c0eefc8c3b8":{"type":"countdown","settings":{"title_heading":"🔥 Sale ends in !"}},"1431e891-e819-4fa1-8416-0cb3956f0e39":{"type":"description","disabled":true,"settings":{"enable_tab":true,"title_tab":"Description"}},"2830007b-b9f5-4f33-86cf-680e0a91ca8d":{"type":"tabcustom","disabled":true,"settings":{"title_tab":"Shipping information","icon":"none","answer_content":"<p>- No EU import duties.<br\/>- Ships within 1-2 business days.<br\/>- Ships in our fully recyclable and biodegradable signature boxes.<\/p>","page":""}},"0a71f30d-dba2-4bca-a64d-c3cc2ed17e7d":{"type":"tabcustom","disabled":true,"settings":{"title_tab":"Care Guide","icon":"none","answer_content":"<p>Regular<em>care<\/em>. Use a slightly damp, soft and lint-free cloth for regular dust removal. Always clean in the direction of the grain.<\/p>","page":""}},"8d4704f6-d81d-4390-9ec5-af58698bef51":{"type":"salepoint","settings":{"icon":"globe","free_word":"Estimated delivery: 12-26 days (International), 3-6 days (US)"}},"b7034bf2-48fd-492f-a089-3169873730db":{"type":"salepoint","settings":{"icon":"package","free_word":"Free return within 30 days of purchase."}},"ebd70ec4-6165-4941-a44e-d74dba8b6cec":{"type":"separator","settings":{}},"bf089f50-667c-4417-a84a-9478625741a1":{"type":"list-info","settings":{"product_vendor_enable":true,"product_type_enable":true,"variant_sku_enable":true,"variant_available_enable":false}},"1be7473b-00b2-4ad9-a7c0-356b86de67a7":{"type":"shipping","disabled":true,"settings":{}},"83a6f5b6-88e4-4eb3-9899-a085ea9c58bd":{"type":"shippingtime","settings":{"shipping_button":"Delivery information","page_shipping":"delivery-service"}},"ac04ff96-26f0-4da9-8c62-bc47f944d84a":{"type":"separator","settings":{}},"2d534ed0-517d-48ca-8370-8659965f32c4":{"type":"share","settings":{}},"883720d7-3346-4495-85a0-add8b3d7a51f":{"type":"trust-badge","settings":{"trust-heading":"Guarantee safe checkout","width_image":68}},"51f9d856-95f4-4741-bf4d-afe15438ff29":{"type":"related-product","settings":{"title_heading":"Buy with","product_list":["cropped-pandora-dress-rose","cropped-sienna-dress-coral","cropped-sienna-dress-lagoon"]}}},"block_order":["989bce2f-7961-4267-8e6c-40ff4bb0ed64","c5c11045-e3b5-47e4-80d1-25e86ec844cc","2cf20ef7-ba29-4dd5-8c98-df0b96ba3c5b","9cd2d8a0-a8b4-46d7-b3a7-b1609af99285","1affb493-1e14-4893-9876-be8d348ee475","ff32ea77-bcea-43d3-8e38-55894c9d938a","8288910a-1ad6-47df-b127-118bc1d2ce24","7120c076-9673-4f15-a579-5efa29fefb6f","11f6643a-6bb6-4db9-a512-9c0eefc8c3b8","1431e891-e819-4fa1-8416-0cb3956f0e39","2830007b-b9f5-4f33-86cf-680e0a91ca8d","0a71f30d-dba2-4bca-a64d-c3cc2ed17e7d","8d4704f6-d81d-4390-9ec5-af58698bef51","b7034bf2-48fd-492f-a089-3169873730db","ebd70ec4-6165-4941-a44e-d74dba8b6cec","bf089f50-667c-4417-a84a-9478625741a1","1be7473b-00b2-4ad9-a7c0-356b86de67a7","83a6f5b6-88e4-4eb3-9899-a085ea9c58bd","ac04ff96-26f0-4da9-8c62-bc47f944d84a","2d534ed0-517d-48ca-8370-8659965f32c4","883720d7-3346-4495-85a0-add8b3d7a51f","51f9d856-95f4-4741-bf4d-afe15438ff29"],"settings":{"setwidth":"container","media_style":"media-collage-2","media_size":"large","image_size":"portrait","enable_video_looping":true,"stock_enable":true,"sizeguide_enable":true,"sizeguide_title":"Size Guide","sizeguide_page":"size-guide","crosssell_title":"Cross selling","upsell_accept":"Add to cart","upsell_decline":"No, thanks","upsell_time":3,"enable":true,"mix_1":"#262626","mix_2":"#ffffff","text_cl":"#ffffff","cart_bg":"#ffffff","cart_cl":"#000000","cart_cl_hover":"#ffffff"}},"product-requently":{"type":"product-bundle","settings":{"animation":"fade-up","bgsection":"#ffffff","bundle_title":"Frequently Bought Together","size_text":"h4","limit_bundle":3,"enable_border":true,"btn_add":"Add selected items","paddingsection":"40px 0px 40px 0px","paddingmobile":"40px 0px 40px 0px","marginsection":"0px 0px 0px 0px","marginmobile":"0px 0px 0px 0px"}},"product-content":{"type":"product-content","blocks":{"6889c9ba-caef-4edd-9757-6711505cb095":{"type":"description","settings":{"title_tab":"Description"}},"effe3718-2168-4d86-a73d-62f8bc4a2951":{"type":"content","settings":{"title_tab":"Shipping & return","answer_content":"<h4>Returns policy<\/h4><ul><li>Dispatch: Within 24 Hours<\/li><li>Free shipping across all products on a minimum purchase of $50.<\/li><li>International delivery time - 7-10 business days<\/li><li>Cash on delivery might be available<\/li><li>Easy 30 days returns and exchanges<\/li><\/ul><h4>Shipping policy<\/h4><p>Lorem ipsum dolor consectetur adipiscing eiusmod tempor labore dolore magna enim ad minim veniam nostrud. Lorem ipsum dolor consectetur adipiscing. orem ipsum dolor consectetur. Lorem ipsum dolor consectetur adipiscing eiusmod tempor labore dolore magna enim ad minim veniam nostrud. Lorem ipsum dolor consectetur adipiscing. orem ipsum dolor consectetur.<\/p>","page":""}},"af6a34da-36be-46e4-8dd7-8d30d3cae195":{"type":"content","settings":{"title_tab":"Return Policies","answer_content":"<p>Use collapsible tabs for more detailed information that will help customers make a purchasing decision.<\/p><p>Ex: Shipping and return policies, size guides, and other common questions.<\/p>","page":""}},"bd8fd789-127d-45d3-b97c-74a98f9060d0":{"type":"content","settings":{"title_tab":"Custom Tab","answer_content":"<p>You can customize the content for all products, or you can use the display metafeild for each product.<\/p>","page":""}},"2e69c5c0-ab83-4cda-9c38-1aaab6fdf1cc":{"type":"related-product","disabled":true,"settings":{"title_heading":"Frequently Bought Together","product_list":["barcelona-bridal-jumpsuit","cova-bridal-dress"]}}},"block_order":["6889c9ba-caef-4edd-9757-6711505cb095","effe3718-2168-4d86-a73d-62f8bc4a2951","af6a34da-36be-46e4-8dd7-8d30d3cae195","bd8fd789-127d-45d3-b97c-74a98f9060d0","2e69c5c0-ab83-4cda-9c38-1aaab6fdf1cc"],"settings":{"paddingsection":"48px 0px 40px 0px","paddingmobile":"32px 0px 32px 0px","marginsection":"0px 0px 0px 0px","marginmobile":"0px 0px 0px 0px","animation":"fade-up","tab_size":"large","enable_left":false}},"169782457912b0166c":{"type":"apps","settings":{"animation":"fade-up","setwidth":"container","bgsection":"#f5f5f5","paddingsection":"80px 0px 80px 0px","paddingmobile":"60px 0px 60px 0px","marginsection":"0px 0px 0px 0px","marginmobile":"0px 0px 0px 0px"}},"bcb1cba3-80fc-49a2-a033-40cf0618e9c8":{"type":"faq-accordion","blocks":{"template--14684877652053__bcb1cba3-80fc-49a2-a033-40cf0618e9c8-16659371170e440ef7-0":{"type":"faq","settings":{"faq_title":"Is the shipping free?","faq_des":"<p>Yes. Worldwide shipping is already included in the price. We use DHL express with 3 days delivery time.<\/p>"}},"template--14684877652053__bcb1cba3-80fc-49a2-a033-40cf0618e9c8-16659371170e440ef7-1":{"type":"faq","settings":{"faq_title":"When will I receive my item?","faq_des":"<p>When we have received your order, you will automatically receive an e-mail confirming your order. Orders made before 2 PM (CET) will be picked, packed and shipped the same day. Delivery time is usually 2-4 working days with DHL Express.<\/p>"}},"template--14684877652053__bcb1cba3-80fc-49a2-a033-40cf0618e9c8-16659371170e440ef7-2":{"type":"faq","settings":{"faq_title":"Can I change or return my item?","faq_des":"<p>If you want to change a product into another model, strap color etc., please contact us so we are able to reserve the new item in our stock immediately. You are always entitled to an exchange or refund within 30 days after you have received your package, as long as the item has not been used.<\/p>"}}},"block_order":["template--14684877652053__bcb1cba3-80fc-49a2-a033-40cf0618e9c8-16659371170e440ef7-0","template--14684877652053__bcb1cba3-80fc-49a2-a033-40cf0618e9c8-16659371170e440ef7-1","template--14684877652053__bcb1cba3-80fc-49a2-a033-40cf0618e9c8-16659371170e440ef7-2"],"settings":{"animation":"fade-up","setwidth":"container","bgsection":"#ffffff","e_size":"auto","e_repeat":"no-repeat","e_pos":"center center","title_top":"","title":"FAQs","des":"Have a question ? We are here to help.","align-heading":"center","title_size":"h4","e_first_open":false,"e_reverse":true,"e_small":true,"left_html":"","e_right":false,"paddingsection":"100px 0px 100px 0px","paddingmobile":"60px 0px 60px 0px","marginsection":"0px 0px 0px 0px","marginmobile":"0px 0px 0px 0px"}},"2882975a-3f6b-438d-9a02-bfeacf954e1a":{"type":"count-down","settings":{"animation":"fade-up","setwidth":"container","bgsection":"#000000","bg_full":false,"enable_padding":true,"color":"#ffffff","image_bg":"shopify:\/\/shop_images\/pexels-photo-12706224.jpg","e_blur":true,"overlay":"#282828","opacity":0.4,"title":"Sale Event","size_text":"h3","des":"We've refreshed our sale with discounts of up to 50% on select styles.","data_countdown":"2025-05-11T00:00:00","e_button":true,"txt_button":"Shop Collection","link_button":"","style_btn":"btn-outline btn-outline-white","paddingsection":"32px 0px 32px 0px","paddingmobile":"60px 0px 60px 0px","marginsection":"0px 0px 0px 0px","marginmobile":"0px 0px 0px 0px"}},"product-recommendations":{"type":"product-recommendations","settings":{"animation":"fade-up","setwidth":"container","heading":"You may also like","heading_size":"h3","heading_align":"center","products_to_show":4,"columns_desktop":"3","columns_mobile":"6","padding_top":80,"padding_bottom":32}},"product-recent":{"type":"recently-viewed","settings":{"enable":true,"animation":"fade-up","setwidth":"container","title_top":"","title":"Recently viewed","des":"","align-heading":"center","limit":6,"paddingsection":"0px 0px 60px 0px","paddingmobile":"40px 0px 40px 0px","marginsection":"0px 0px 0px 0px","marginmobile":"0px 0px 0px 0px"}}},"order":["main","product-requently","product-content","169782457912b0166c","bcb1cba3-80fc-49a2-a033-40cf0618e9c8","2882975a-3f6b-438d-9a02-bfeacf954e1a","product-recommendations","product-recent"]}