{"sections":{"main":{"type":"product-template-1","blocks":{"989bce2f-7961-4267-8e6c-40ff4bb0ed64":{"type":"title","settings":{"e_label":true}},"c5c11045-e3b5-47e4-80d1-25e86ec844cc":{"type":"price","settings":{}},"2cf20ef7-ba29-4dd5-8c98-df0b96ba3c5b":{"type":"text","settings":{"text":"🔥  30 sold in last 18 hours","text_style":"body"}},"9cd2d8a0-a8b4-46d7-b3a7-b1609af99285":{"type":"fakeviewer","settings":{"fake_view_min":12,"fake_view_max":30,"fake_view_duration":3,"fake_view_text_prefix":"👀","fake_view_text_suffix":"customers are viewing this product"}},"1affb493-1e14-4893-9876-be8d348ee475":{"type":"shortdesc","settings":{}},"ff32ea77-bcea-43d3-8e38-55894c9d938a":{"type":"separator","settings":{}},"8288910a-1ad6-47df-b127-118bc1d2ce24":{"type":"buttons","settings":{"enable_local_pickup":true,"enable_hurrify":true,"enable_payment_button":true,"waitlist":true,"product_selector":"radio","sw_color_product":true,"color_circle":true,"size_color":"small-38"}},"7120c076-9673-4f15-a579-5efa29fefb6f":{"type":"separator","settings":{}},"11f6643a-6bb6-4db9-a512-9c0eefc8c3b8":{"type":"countdown","settings":{"title_heading":"🔥 Sale ends in !"}},"1431e891-e819-4fa1-8416-0cb3956f0e39":{"type":"description","disabled":true,"settings":{"enable_tab":true,"title_tab":"Description"}},"2830007b-b9f5-4f33-86cf-680e0a91ca8d":{"type":"tabcustom","disabled":true,"settings":{"title_tab":"Shipping information","icon":"none","answer_content":"<p>- No EU import duties.<br\/>- Ships within 1-2 business days.<br\/>- Ships in our fully recyclable and biodegradable signature boxes.<\/p>","page":""}},"0a71f30d-dba2-4bca-a64d-c3cc2ed17e7d":{"type":"tabcustom","disabled":true,"settings":{"title_tab":"Care Guide","icon":"none","answer_content":"<p>Regular<em>care<\/em>. Use a slightly damp, soft and lint-free cloth for regular dust removal. Always clean in the direction of the grain.<\/p>","page":""}},"8d4704f6-d81d-4390-9ec5-af58698bef51":{"type":"salepoint","settings":{"icon":"globe","free_word":"Estimated delivery: 12-26 days (International), 3-6 days (US)"}},"b7034bf2-48fd-492f-a089-3169873730db":{"type":"salepoint","settings":{"icon":"package","free_word":"Free return within 30 days of purchase."}},"ebd70ec4-6165-4941-a44e-d74dba8b6cec":{"type":"separator","settings":{}},"bf089f50-667c-4417-a84a-9478625741a1":{"type":"list-info","settings":{"product_vendor_enable":true,"product_type_enable":true,"variant_sku_enable":true,"variant_available_enable":false}},"1be7473b-00b2-4ad9-a7c0-356b86de67a7":{"type":"shipping","disabled":true,"settings":{}},"83a6f5b6-88e4-4eb3-9899-a085ea9c58bd":{"type":"shippingtime","settings":{"shipping_button":"Delivery information","page_shipping":"delivery-service"}},"ac04ff96-26f0-4da9-8c62-bc47f944d84a":{"type":"separator","settings":{}},"2d534ed0-517d-48ca-8370-8659965f32c4":{"type":"share","settings":{}},"883720d7-3346-4495-85a0-add8b3d7a51f":{"type":"trust-badge","settings":{"trust-heading":"Guarantee safe checkout","width_image":68}},"51f9d856-95f4-4741-bf4d-afe15438ff29":{"type":"related-product","settings":{"title_heading":"Buy with","product_list":["cropped-pandora-dress-rose","cropped-sienna-dress-coral","cropped-sienna-dress-lagoon"]}}},"block_order":["989bce2f-7961-4267-8e6c-40ff4bb0ed64","c5c11045-e3b5-47e4-80d1-25e86ec844cc","2cf20ef7-ba29-4dd5-8c98-df0b96ba3c5b","9cd2d8a0-a8b4-46d7-b3a7-b1609af99285","1affb493-1e14-4893-9876-be8d348ee475","ff32ea77-bcea-43d3-8e38-55894c9d938a","8288910a-1ad6-47df-b127-118bc1d2ce24","7120c076-9673-4f15-a579-5efa29fefb6f","11f6643a-6bb6-4db9-a512-9c0eefc8c3b8","1431e891-e819-4fa1-8416-0cb3956f0e39","2830007b-b9f5-4f33-86cf-680e0a91ca8d","0a71f30d-dba2-4bca-a64d-c3cc2ed17e7d","8d4704f6-d81d-4390-9ec5-af58698bef51","b7034bf2-48fd-492f-a089-3169873730db","ebd70ec4-6165-4941-a44e-d74dba8b6cec","bf089f50-667c-4417-a84a-9478625741a1","1be7473b-00b2-4ad9-a7c0-356b86de67a7","83a6f5b6-88e4-4eb3-9899-a085ea9c58bd","ac04ff96-26f0-4da9-8c62-bc47f944d84a","2d534ed0-517d-48ca-8370-8659965f32c4","883720d7-3346-4495-85a0-add8b3d7a51f","51f9d856-95f4-4741-bf4d-afe15438ff29"],"settings":{"setwidth":"container","media_style":"media-left","media_size":"large","image_size":"portrait","enable_video_looping":true,"stock_enable":true,"sizeguide_enable":true,"sizeguide_title":"Size Guide","sizeguide_page":"size-guide","crosssell_title":"Cross selling","upsell_accept":"Add to cart","upsell_decline":"No, thanks","upsell_time":3,"enable":true,"mix_1":"#262626","mix_2":"#ffffff","text_cl":"#ffffff","cart_bg":"#ffffff","cart_cl":"#000000","cart_cl_hover":"#ffffff"}},"product-requently":{"type":"product-bundle","settings":{"animation":"fade-up","bgsection":"#ffffff","bundle_title":"Frequently Bought Together","size_text":"h4","limit_bundle":3,"enable_border":true,"btn_add":"Add selected items","paddingsection":"40px 0px 40px 0px","paddingmobile":"40px 0px 40px 0px","marginsection":"0px 0px 0px 0px","marginmobile":"0px 0px 0px 0px"}},"product-content":{"type":"product-content","blocks":{"6889c9ba-caef-4edd-9757-6711505cb095":{"type":"description","settings":{"title_tab":"Description"}},"effe3718-2168-4d86-a73d-62f8bc4a2951":{"type":"content","settings":{"title_tab":"Shipping & return","answer_content":"<h4>Returns policy<\/h4><ul><li>Dispatch: Within 24 Hours<\/li><li>Free shipping across all products on a minimum purchase of $50.<\/li><li>International delivery time - 7-10 business days<\/li><li>Cash on delivery might be available<\/li><li>Easy 30 days returns and exchanges<\/li><\/ul><h4>Shipping policy<\/h4><p>Lorem ipsum dolor consectetur adipiscing eiusmod tempor labore dolore magna enim ad minim veniam nostrud. Lorem ipsum dolor consectetur adipiscing. orem ipsum dolor consectetur. Lorem ipsum dolor consectetur adipiscing eiusmod tempor labore dolore magna enim ad minim veniam nostrud. Lorem ipsum dolor consectetur adipiscing. orem ipsum dolor consectetur.<\/p>","page":""}},"af6a34da-36be-46e4-8dd7-8d30d3cae195":{"type":"content","settings":{"title_tab":"Return Policies","answer_content":"<p>Use collapsible tabs for more detailed information that will help customers make a purchasing decision.<\/p><p>Ex: Shipping and return policies, size guides, and other common questions.<\/p>","page":""}},"bd8fd789-127d-45d3-b97c-74a98f9060d0":{"type":"content","settings":{"title_tab":"Custom Tab","answer_content":"<p>You can customize the content for all products, or you can use the display metafeild for each product.<\/p>","page":""}},"2e69c5c0-ab83-4cda-9c38-1aaab6fdf1cc":{"type":"related-product","disabled":true,"settings":{"title_heading":"Frequently Bought Together","product_list":["barcelona-bridal-jumpsuit","cova-bridal-dress"]}}},"block_order":["6889c9ba-caef-4edd-9757-6711505cb095","effe3718-2168-4d86-a73d-62f8bc4a2951","af6a34da-36be-46e4-8dd7-8d30d3cae195","bd8fd789-127d-45d3-b97c-74a98f9060d0","2e69c5c0-ab83-4cda-9c38-1aaab6fdf1cc"],"settings":{"paddingsection":"48px 0px 40px 0px","paddingmobile":"32px 0px 32px 0px","marginsection":"0px 0px 0px 0px","marginmobile":"0px 0px 0px 0px","animation":"fade-up","tab_size":"large","enable_left":false}},"169782457912b0166c":{"type":"apps","settings":{"animation":"fade-up","setwidth":"container","bgsection":"#f5f5f5","paddingsection":"80px 0px 80px 0px","paddingmobile":"60px 0px 60px 0px","marginsection":"0px 0px 0px 0px","marginmobile":"0px 0px 0px 0px"}},"bcb1cba3-80fc-49a2-a033-40cf0618e9c8":{"type":"faq-accordion","blocks":{"template--14684877652053__bcb1cba3-80fc-49a2-a033-40cf0618e9c8-16659371170e440ef7-0":{"type":"faq","settings":{"faq_title":"Is the shipping free?","faq_des":"<p>Yes. Worldwide shipping is already included in the price. We use DHL express with 3 days delivery time.<\/p>"}},"template--14684877652053__bcb1cba3-80fc-49a2-a033-40cf0618e9c8-16659371170e440ef7-1":{"type":"faq","settings":{"faq_title":"When will I receive my item?","faq_des":"<p>When we have received your order, you will automatically receive an e-mail confirming your order. Orders made before 2 PM (CET) will be picked, packed and shipped the same day. Delivery time is usually 2-4 working days with DHL Express.<\/p>"}},"template--14684877652053__bcb1cba3-80fc-49a2-a033-40cf0618e9c8-16659371170e440ef7-2":{"type":"faq","settings":{"faq_title":"Can I change or return my item?","faq_des":"<p>If you want to change a product into another model, strap color etc., please contact us so we are able to reserve the new item in our stock immediately. You are always entitled to an exchange or refund within 30 days after you have received your package, as long as the item has not been used.<\/p>"}}},"block_order":["template--14684877652053__bcb1cba3-80fc-49a2-a033-40cf0618e9c8-16659371170e440ef7-0","template--14684877652053__bcb1cba3-80fc-49a2-a033-40cf0618e9c8-16659371170e440ef7-1","template--14684877652053__bcb1cba3-80fc-49a2-a033-40cf0618e9c8-16659371170e440ef7-2"],"settings":{"animation":"fade-up","setwidth":"container","bgsection":"#ffffff","e_size":"auto","e_repeat":"no-repeat","e_pos":"center center","title_top":"","title":"FAQs","des":"Have a question ? We are here to help.","align-heading":"center","title_size":"h4","e_first_open":false,"e_reverse":true,"e_small":true,"left_html":"","e_right":false,"paddingsection":"100px 0px 100px 0px","paddingmobile":"60px 0px 60px 0px","marginsection":"0px 0px 0px 0px","marginmobile":"0px 0px 0px 0px"}},"2882975a-3f6b-438d-9a02-bfeacf954e1a":{"type":"count-down","settings":{"animation":"fade-up","setwidth":"container","bgsection":"#000000","bg_full":false,"enable_padding":true,"color":"#ffffff","e_blur":true,"overlay":"#282828","opacity":0.4,"title":"Sale Event","size_text":"h3","des":"We've refreshed our sale with discounts of up to 50% on select styles.","data_countdown":"2025-05-11T00:00:00","e_button":true,"txt_button":"Shop Collection","link_button":"","style_btn":"btn-outline btn-outline-white","paddingsection":"32px 0px 32px 0px","paddingmobile":"60px 0px 60px 0px","marginsection":"0px 0px 0px 0px","marginmobile":"0px 0px 0px 0px"}},"product-recommendations":{"type":"product-recommendations","settings":{"animation":"fade-up","setwidth":"container","heading":"You may also like","heading_size":"h3","heading_align":"center","products_to_show":4,"columns_desktop":"3","columns_mobile":"6","padding_top":80,"padding_bottom":32}},"product-recent":{"type":"recently-viewed","settings":{"enable":true,"animation":"fade-up","setwidth":"container","title_top":"","title":"Recently viewed","des":"","align-heading":"center","limit":6,"paddingsection":"0px 0px 60px 0px","paddingmobile":"40px 0px 40px 0px","marginsection":"0px 0px 0px 0px","marginmobile":"0px 0px 0px 0px"}},"grid_banner_2_xfbxkE":{"type":"grid-banner-2","blocks":{"banner_jFxqiM":{"type":"banner","settings":{"paddingblock":"0px 0px 0px 0px","bg_image":"","border_banner":"rgba(0,0,0,0)","bg_banner":"rgba(0,0,0,0)","opbg_banner":0.4,"image":"shopify:\/\/shop_images\/4_-_Schnallen_Weldog..webp","width":"2","description":"<h3 class=\"mb-2\">Banner title<\/h3><p>Lorem ipsum dolor sit ametsifisd hsiufgnjsd fhni sdjfn uids f bdshfuisdf nbiubnds f sduinfiusd insdnf <\/p>","button_text":"","button_link":"","style_btn":"btn-underline","reverse":"flex-column","text_align":"center"}},"banner_VmAhE3":{"type":"banner","settings":{"paddingblock":"0px 0px 0px 0px","bg_image":"","border_banner":"rgba(0,0,0,0)","bg_banner":"rgba(0,0,0,0)","opbg_banner":0.4,"image":"shopify:\/\/shop_images\/Handsfree.webp","width":"2","description":"<h3 class=\"mb-2\">Banner title<\/h3><p>Lorem ipsum dolor sit amet sidnfhnsd insdifi isdfunhsd ijhsdifhisd ijsdiuhfiu ijhisudfhuis iuhsdfuihsd <\/p>","button_text":"","button_link":"","style_btn":"btn-underline","reverse":"flex-column","text_align":"center"}},"banner_9w3zDf":{"type":"banner","settings":{"paddingblock":"0px 0px 0px 0px","bg_image":"","border_banner":"rgba(0,0,0,0)","bg_banner":"rgba(0,0,0,0)","opbg_banner":0.4,"image":"shopify:\/\/shop_images\/Welldog._Geschirr.webp","width":"2","description":"<h3 class=\"mb-2\">Banner title<\/h3><p>Lorem ipsum dolor sit amet sdjifo ikjnsdifn  sdifs ijhdsif ijsdifjs isdifj sdjifji <\/p>","button_text":"","button_link":"","style_btn":"btn-underline","reverse":"flex-column","text_align":"center"}},"banner_w9mqUp":{"type":"banner","settings":{"paddingblock":"0px 0px 0px 0px","bg_image":"","border_banner":"rgba(0,0,0,0)","bg_banner":"rgba(0,0,0,0)","opbg_banner":0.4,"image":"shopify:\/\/shop_images\/Welldog_Geschirr_in_Quartz.webp","width":"2","description":"<h3 class=\"mb-2\">Banner title<\/h3><p>Lorem ipsum dolor sit amet njmsdfj nkasdjf hdsaf jhuiasdhfui jijhnhj jushdufhusda sdhfuhsdau sduhfudshu uidsahfudsha udhsufhdsa udshfuhsadu sdhfudh<\/p>","button_text":"","button_link":"","style_btn":"btn-underline","reverse":"flex-column","text_align":"center"}},"banner_Wkf7qy":{"type":"banner","settings":{"paddingblock":"0px 0px 0px 0px","bg_image":"","border_banner":"rgba(0,0,0,0)","bg_banner":"rgba(0,0,0,0)","opbg_banner":0.4,"image":"shopify:\/\/shop_images\/Schmutzgeruchsabweisend.webp","width":"2","description":"<h3 class=\"mb-2\">Banner title<\/h3><p>Lorem ipsum dolor sit amet ksdmnfkj nsdnf iksd nsdhnfj jsdf sdnfnhs usd f ijdsifnisdn iuhsdfn <\/p>","button_text":"","button_link":"","style_btn":"btn-underline","reverse":"flex-column","text_align":"center"}},"banner_gTPANX":{"type":"banner","settings":{"paddingblock":"0px 0px 0px 0px","bg_image":"","border_banner":"rgba(0,0,0,0)","bg_banner":"rgba(0,0,0,0)","opbg_banner":0.4,"image":"shopify:\/\/shop_images\/Poop_Bag_Spender_haelt_ueberall.webp","width":"2","description":"<h3 class=\"mb-2\">Banner title<\/h3><p>Lorem ipsum dolor sit amet ksdmfi idsfi ijdsifn iudsafiu iudsjfuid udhfuh udsahfuidf iudasfuiasd <\/p>","button_text":"","button_link":"","style_btn":"btn-underline","reverse":"flex-column","text_align":"center"}}},"block_order":["banner_jFxqiM","banner_VmAhE3","banner_9w3zDf","banner_w9mqUp","banner_Wkf7qy","banner_gTPANX"],"settings":{"animation":"","setwidth":"container","bgsection":"#ffffff","title_top":"Sub Title Top","title":"Grid banner Text","des":"","align-heading":"center","no_gutter":false,"paddingsection":"0px 0px 0px 0px","paddingmobile":"40px 0px 40px 0px","marginsection":"0px 0px 0px 0px","marginmobile":"0px 0px 0px 0px"}},"advanced_content_aHeMgi":{"type":"advanced-content","settings":{"animation":"","setwidth":"container","text_color":"rgba(0,0,0,0)","bgsection":"#ffffff","rangebg":0,"bgbefore":"transparent","e_size":"auto","e_repeat":"no-repeat","e_position":"center center","zindex":"0","title_top":"Sub Title Top","title":"Custom content","des":"<div style=\"display: flex; justify-content: space-between; gap: 20px; background-color: #FAE4CB; padding: 20px;\">\n  <div style=\"text-align: left;\">\n    <h3>Payment<\/h3>\n    <img src=\"https:\/\/cdn.shopify.com\/s\/files\/1\/0918\/6449\/8459\/files\/logoo-removebg-preview.webp?v=1734147841\" alt=\"Payment Methods\" style=\"max-width: 100%; height: auto; margin-bottom: 10px;\">\n  <\/div>\n\n  <!-- Column 1: Discover your advantages -->\n  <div style=\"text-align: left;\">\n    <h3>Discover your advantages<\/h3>\n    <a style=\"text-align:left\" href=\"https:\/\/aurora1234567.myshopify.com\/pages\/100-handmade\" class=\"btn\">100% handmade<\/a>\n    <a style=\"text-align:left\" href=\"https:\/\/aurora1234567.myshopify.com\/pages\/integrative\" class=\"btn\">Integrative<\/a>\n    <a style=\"text-align:left\" href=\"https:\/\/aurora1234567.myshopify.com\/pages\/in-house-production\" class=\"btn\">In-house production<\/a>\n    <a style=\"text-align:left\" href=\"https:\/\/aurora1234567.myshopify.com\/pages\/vegan\" class=\"btn\">Vegan<\/a>\n    <a style=\"text-align:left\" href=\"https:\/\/aurora1234567.myshopify.com\/pages\/washable\" class=\"btn\">Washable<\/a>\n    <a style=\"text-align:left\" href=\"#\" class=\"btn\">Woof-Effect<\/a>\n    <a style=\"text-align:left\" href=\"https:\/\/aurora1234567.myshopify.com\/pages\/credit-notes\" class=\"btn\">Credit notes<\/a>\n  <\/div>\n\n  <!-- Column 2: Help Center -->\n  <div style=\"text-align: left;\">\n    <h3>Help Center<\/h3>\n    <a style=\"text-align:left\" href=\"https:\/\/aurora1234567.myshopify.com\/pages\/faq\" class=\"btn\">FAQ<\/a>\n    <a style=\"text-align:left\" href=\"https:\/\/aurora1234567.myshopify.com\/pages\/measurement-instructions\" class=\"btn\">Measurement Instructions<\/a>\n    <a style=\"text-align:left\" href=\"https:\/\/aurora1234567.myshopify.com\/pages\/maintenance\" class=\"btn\">Maintenance<\/a>\n    <a style=\"text-align:left\" href=\"https:\/\/aurora1234567.myshopify.com\/pages\/returns\" class=\"btn\">Returns<\/a>\n    <a style=\"text-align:left\" href=\"https:\/\/aurora1234567.myshopify.com\/pages\/what-size-bed-does-my-dog-need\" class=\"btn\">What size bed does my dog need?<\/a>\n    <a style=\"text-align:left\" href=\"https:\/\/aurora1234567.myshopify.com\/pages\/all-information-about-the-wau-bed\" class=\"btn\">All information about the Wau-Bed<\/a>\n  <\/div>\n\n  <!-- Column 3: Information -->\n  <div style=\"text-align: left;\">\n    <h3>Information<\/h3>\n    <a style=\"text-align:left\" href=\"https:\/\/aurora1234567.myshopify.com\/pages\/become-a-dealer\" class=\"btn\">Become a dealer<\/a>\n    <a style=\"text-align:left\" href=\"https:\/\/aurora1234567.myshopify.com\/pages\/terms-conditions\" class=\"btn\">Terms & Conditions<\/a>\n    <a style=\"text-align:left\" href=\"https:\/\/aurora1234567.myshopify.com\/pages\/privacy\" class=\"btn\">Privacy<\/a>\n    <a style=\"text-align:left\" href=\"https:\/\/aurora1234567.myshopify.com\/pages\/imprint\" class=\"btn\">Imprint<\/a>\n    <a style=\"text-align:left\" href=\"https:\/\/aurora1234567.myshopify.com\/pages\/contact\" class=\"btn\">Contact<\/a>\n    <a style=\"text-align:left\" href=\"https:\/\/aurora1234567.myshopify.com\/pages\/jobs\" class=\"btn\">Jobs<\/a>\n    <a style=\"text-align:left\" href=\"https:\/\/aurora1234567.myshopify.com\/pages\/newsletter\" class=\"btn\">Newsletter<\/a>\n    <a style=\"text-align:left\" href=\"https:\/\/aurora1234567.myshopify.com\/pages\/revocation\" class=\"btn\">Revocation<\/a>\n    <a style=\"text-align:left\" href=\"https:\/\/aurora1234567.myshopify.com\/pages\/payment-shipping\" class=\"btn\">Payment and Shipping<\/a>\n  <\/div>\n\n  <!-- Column 4: Who we are -->\n  <div style=\"text-align: left;\">\n    <h3>Who we are<\/h3>\n    <a style=\"text-align:left\" href=\"https:\/\/aurora1234567.myshopify.com\/pages\/about-us\" class=\"btn\">About us<\/a>\n    <a style=\"text-align:left\" href=\"https:\/\/aurora1234567.myshopify.com\/pages\/contact\" class=\"btn\">Opening hours<\/a>\n  <\/div>\n<\/div>\n\n<style>\n  \/* Buttons styling *\/\n  .btn {\n    display: block; \/* Each button on a new line *\/\n    margin: 5px 0; \/* Spacing between buttons *\/\n    padding: 5px 0;\n    text-decoration: none;\n    color: black;\n    font-size: 16px;\n    transition: color 0.3s ease, text-decoration 0.3s ease;\n  }\n\n  .btn:hover {\n    color: #45a049;\n    text-decoration: underline;\n  }\n\n  \/* Header Styling *\/\n  h3 {\n    font-size: 18px;\n    font-weight: bold;\n    margin-bottom: 10px;\n  }\n<\/style>","align-heading":"center","padding":true,"col_center":false,"paddingsection":"0px 0px 0px 0px","paddingmobile":"40px 0px 40px 0px","marginsection":"0px 0px 0px 0px","marginmobile":"0px 0px 0px 0px"}}},"order":["main","product-requently","product-content","169782457912b0166c","bcb1cba3-80fc-49a2-a033-40cf0618e9c8","2882975a-3f6b-438d-9a02-bfeacf954e1a","product-recommendations","product-recent","grid_banner_2_xfbxkE","advanced_content_aHeMgi"]}